id,contestantId,seasonId,age,outcome,createdAt,contestantDragName,seasonName,franchiseName
78658d60-d2be-4854-a793-836fc352622e,797bc644-c8e8-4e77-b37d-4681d784f773,1da60299-70ad-4448-a7f3-271477e27e84,39,9th place,2025-08-20T20:00:47.351Z,"Victoria ""Porkchop"" Parker",Season 1,RuPaul's Drag Race (US)
9899a6aa-73c9-45a1-9cdb-7f8735ee98db,5b961188-3585-4d7a-8be6-5814b48ae745,1da60299-70ad-4448-a7f3-271477e27e84,28,8th place,2025-08-20T20:00:44.431Z,Tammie Brown,Season 1,RuPaul's Drag Race (US)
18459893-b67e-4ce4-9d00-61533a71c9d5,9f9b034f-f706-4785-9c1a-1a22352de8dc,1da60299-70ad-4448-a7f3-271477e27e84,23,7th place,2025-08-20T20:00:42.025Z,Akashia,Season 1,RuPaul's Drag Race (US)
2ea81e1a-d8f8-4ade-bb25-55a07f579406,6aeaca48-6be7-417d-8d01-89b825327c4d,1da60299-70ad-4448-a7f3-271477e27e84,25,6th place,2025-08-20T20:00:39.884Z,Jade[b],Season 1,RuPaul's Drag Race (US)
6129f121-00c4-4538-92c6-5ce6697fd4d4,830d3e90-31c0-4cb6-9829-50080c0e97c1,1da60299-70ad-4448-a7f3-271477e27e84,25,5th place,2025-08-20T20:00:37.832Z,Ongina,Season 1,RuPaul's Drag Race (US)
58b0516d-bc7a-4b1a-8c67-9c671106581c,4712c66c-9bd4-4de7-8011-c0832c3770a3,1da60299-70ad-4448-a7f3-271477e27e84,29,4th place,2025-08-20T20:00:34.956Z,Shannel,Season 1,RuPaul's Drag Race (US)
967a8a06-b6de-4b20-93e5-f922b11d5520,415bd1be-a915-454b-9762-524a4011e7fc,1da60299-70ad-4448-a7f3-271477e27e84,26,3rd place,2025-08-20T20:00:32.745Z,Rebecca Glasscock,Season 1,RuPaul's Drag Race (US)
e092116d-70f8-4717-b6e1-aa4d4ba63a27,2889c086-ef71-4e2b-ab0e-15ff74e3a247,1da60299-70ad-4448-a7f3-271477e27e84,34,Runner-up,2025-08-20T20:00:30.099Z,Nina Flowers,Season 1,RuPaul's Drag Race (US)
87cffd96-d9ee-48ef-b5e7-9216b93d146d,4a143033-745b-4423-91c6-a23a99b2edff,1da60299-70ad-4448-a7f3-271477e27e84,30,Winner,2025-08-20T20:00:27.650Z,BeBe Zahara Benet,Season 1,RuPaul's Drag Race (US)
62ebe531-870b-487e-a4d1-563bdef31762,45c7674b-79bf-4f04-8aa1-e93ca5d3d594,dea5e20c-e23c-4a8a-8bdb-a6ee296f2a28,28,12th place,2025-08-20T20:00:23.438Z,Shangela,Season 2,RuPaul's Drag Race (US)
611dd3a7-c5f2-472e-88ba-74ab80cf8820,2ea079b9-47f8-44be-aae9-7ad94e61d00d,dea5e20c-e23c-4a8a-8bdb-a6ee296f2a28,36,11th place,2025-08-20T20:00:19.076Z,Nicole Paige Brooks,Season 2,RuPaul's Drag Race (US)
79759ac4-5dc4-4499-af8b-25345de7c0d9,42fb86a9-7e18-4cf3-8827-b59ab7566057,dea5e20c-e23c-4a8a-8bdb-a6ee296f2a28,25,10th place,2025-08-20T20:00:16.529Z,Mystique Summers Madison,Season 2,RuPaul's Drag Race (US)
6eb1cc39-4e69-434f-a927-a52869fc8042,4d1ee7f2-9cc7-4389-93c3-813fb568c9d4,dea5e20c-e23c-4a8a-8bdb-a6ee296f2a28,26,9th place,2025-08-20T20:00:14.047Z,Sonique[b],Season 2,RuPaul's Drag Race (US)
a61a43fb-6cb8-498a-940c-74a6c50e97d9,6652eb69-1507-427d-912e-e2212af272be,dea5e20c-e23c-4a8a-8bdb-a6ee296f2a28,28,8th place,2025-08-20T20:00:11.753Z,Morgan McMichaels,Season 2,RuPaul's Drag Race (US)
941bd816-d2af-45a1-8800-3f2d95c60379,918a8805-8ded-464d-ba24-4193b5393a1b,dea5e20c-e23c-4a8a-8bdb-a6ee296f2a28,25,7th place,2025-08-20T20:00:09.277Z,Sahara Davenport,Season 2,RuPaul's Drag Race (US)
be2edd5e-7fb6-4369-a7b1-d25c153c1d21,7cc4757b-00a5-449f-b88a-dc36d578cd87,dea5e20c-e23c-4a8a-8bdb-a6ee296f2a28,29,6th place,2025-08-20T20:00:06.801Z,Jessica Wild,Season 2,RuPaul's Drag Race (US)
d5642a0d-0ba1-494c-a05b-b4ce91214270,7db012e4-de9f-4d3b-ba4e-41e5099c80ca,dea5e20c-e23c-4a8a-8bdb-a6ee296f2a28,37,5th place[a],2025-08-20T20:00:04.190Z,Pandora Boxx,Season 2,RuPaul's Drag Race (US)
5f2c7861-7b5e-46b7-8db1-56f99074dbf4,2667bd61-7fca-45bc-bf5e-0c3e10e3ed52,dea5e20c-e23c-4a8a-8bdb-a6ee296f2a28,21,4th place,2025-08-20T20:00:01.326Z,Tatianna,Season 2,RuPaul's Drag Race (US)
d62048b6-8f64-4a3a-8a3d-857cc3327951,0a92358f-04c3-476c-8f96-e5779248943b,dea5e20c-e23c-4a8a-8bdb-a6ee296f2a28,25,3rd place,2025-08-20T19:59:59.227Z,Jujubee,Season 2,RuPaul's Drag Race (US)
35ef6f36-4017-4a40-bc28-7601a3917546,a4c61dbc-733c-4b40-a0af-fba6f5fbe310,dea5e20c-e23c-4a8a-8bdb-a6ee296f2a28,30,Runner-up,2025-08-20T19:59:57.071Z,Raven,Season 2,RuPaul's Drag Race (US)
366db0a3-19c9-4587-bf03-0fd81ba807d5,452e0d60-8b0d-4c5e-ba46-e167d4b8eb32,dea5e20c-e23c-4a8a-8bdb-a6ee296f2a28,21,Winner,2025-08-20T19:59:54.791Z,Tyra Sanchez,Season 2,RuPaul's Drag Race (US)
88952bc8-acba-41ce-a4ec-afcdcf8e95be,1741ff1a-76ab-401e-a2c4-4504186be1eb,e1865172-9d23-4e43-b296-7374eb8c4978,26,13th place,2025-08-20T19:59:51.380Z,Venus D-Lite,Season 3,RuPaul's Drag Race (US)
2bed2c45-23c6-45b5-a2d2-abf7461909da,05f65eed-923f-41e8-af0d-6c1323a34a58,e1865172-9d23-4e43-b296-7374eb8c4978,29,12th place,2025-08-20T19:59:49.070Z,Phoenix,Season 3,RuPaul's Drag Race (US)
f1c73285-6864-49b3-b443-6d9af04ecf6f,fb5a78f8-38c1-4e3e-bca7-c9c8ffaad326,e1865172-9d23-4e43-b296-7374eb8c4978,26,11th place,2025-08-20T19:59:46.971Z,Mimi Imfurst,Season 3,RuPaul's Drag Race (US)
a9e544af-7f9f-4ded-a9f8-a4d9ef801281,3409e814-6469-432b-ac7f-9a93145c9c29,e1865172-9d23-4e43-b296-7374eb8c4978,23,10th place,2025-08-20T19:59:44.537Z,India Ferrah,Season 3,RuPaul's Drag Race (US)
e183ca88-3545-46e6-92f0-0b87790d2f41,97bf9ab2-e6a1-4d83-9876-1fe06ca1f9f8,e1865172-9d23-4e43-b296-7374eb8c4978,29,9th place,2025-08-20T19:59:42.156Z,Mariah[e],Season 3,RuPaul's Drag Race (US)
b3cb4ab8-18a5-4614-a693-419eafc2ccda,dc65e4e8-908d-484c-a4dd-5f4270557954,e1865172-9d23-4e43-b296-7374eb8c4978,25,8th place,2025-08-20T19:59:39.786Z,Stacy Layne Matthews,Season 3,RuPaul's Drag Race (US)
dca54f64-090f-458d-94fa-19773350cd7f,c9357df0-bc28-492c-b42c-d8804d633522,e1865172-9d23-4e43-b296-7374eb8c4978,34,7th place,2025-08-20T19:59:37.204Z,Delta Work,Season 3,RuPaul's Drag Race (US)
4b31aed4-f751-46b5-9ab7-e50e0f31189f,2e48bda3-8cb7-4270-88af-4fdf06a55e0d,e1865172-9d23-4e43-b296-7374eb8c4978,28,6th place,2025-08-20T19:59:34.282Z,Shangela[d],Season 3,RuPaul's Drag Race (US)
73d24ea2-ade6-48a6-99f5-6ce98a84dd15,2e317ed2-2ed3-4eb6-bcac-42c3098da615,e1865172-9d23-4e43-b296-7374eb8c4978,25,5th place[c],2025-08-20T19:59:32.081Z,Carmen Carrera,Season 3,RuPaul's Drag Race (US)
17a6c051-1ad4-4947-8351-f1f3b8bd0b96,f6a2a453-51f2-4b79-b849-3250e7cc1ee5,e1865172-9d23-4e43-b296-7374eb8c4978,26,4th place[b],2025-08-20T19:59:29.581Z,Yara Sofia,Season 3,RuPaul's Drag Race (US)
490d33d7-f379-429d-b4af-cb2ef7abd764,6d592213-8705-41ad-b4f5-9f044bf7bac3,e1865172-9d23-4e43-b296-7374eb8c4978,30,3rd place,2025-08-20T19:59:26.689Z,Alexis Mateo,Season 3,RuPaul's Drag Race (US)
440c9d1f-10fc-4983-b0fd-f3ef599051fd,e73c0ce3-9ca1-4755-8893-252501549869,e1865172-9d23-4e43-b296-7374eb8c4978,28,Runner-up,2025-08-20T19:59:24.438Z,Manila Luzon,Season 3,RuPaul's Drag Race (US)
f5a45aa1-1ec3-4c64-9129-a5a6d0a1905d,62ba2f1b-5aed-48ea-819a-3ee7b0443b2f,e1865172-9d23-4e43-b296-7374eb8c4978,36,Winner,2025-08-20T19:59:21.978Z,Raja[a],Season 3,RuPaul's Drag Race (US)
e3904e81-a7ec-416a-aae9-8f4897c0347e,eddfc6d3-f13b-4ac6-b547-2b54223bf79d,f553ff5e-4183-4af8-93c9-0da16ddfbe85,23,13th place,2025-08-20T19:59:18.812Z,Alisa Summers,Season 4,RuPaul's Drag Race (US)
dfc71953-494c-4f48-82ef-f60e95e89c82,0379d538-4e31-47b7-9879-5deac63c7860,f553ff5e-4183-4af8-93c9-0da16ddfbe85,21,12th place,2025-08-20T19:59:15.833Z,Lashauwn Beyond,Season 4,RuPaul's Drag Race (US)
4fee1374-f42f-482a-8adf-c17736409ecb,5099c76b-dc1b-4b9d-a790-a79b200cb863,f553ff5e-4183-4af8-93c9-0da16ddfbe85,31,11th place,2025-08-20T19:59:13.301Z,The Princess,Season 4,RuPaul's Drag Race (US)
ae823e27-993f-4e90-b24a-4dbf1128fcee,14e7916d-564c-47f3-a64c-d5940ff7abee,f553ff5e-4183-4af8-93c9-0da16ddfbe85,29,10th place,2025-08-20T19:59:10.791Z,Madame LaQueer,Season 4,RuPaul's Drag Race (US)
9faa226b-310a-4730-9999-238d764450ac,c1312a5e-928c-4d21-98a4-be5e848af2ff,f553ff5e-4183-4af8-93c9-0da16ddfbe85,30,8th place,2025-08-20T19:59:08.317Z,Jiggly Caliente,Season 4,RuPaul's Drag Race (US)
0e9d07c3-e86c-4a61-8262-9766e96dddb8,73f1bcb6-2adb-4347-b659-512824e6fd76,f553ff5e-4183-4af8-93c9-0da16ddfbe85,29,Disqualified,2025-08-20T19:59:05.854Z,Willam,Season 4,RuPaul's Drag Race (US)
fccfa8d3-e77c-4762-a6c4-73a4e19ad779,002367d3-c607-45eb-8ab9-30a1f8abd348,f553ff5e-4183-4af8-93c9-0da16ddfbe85,25,6th place,2025-08-20T19:59:02.780Z,DiDa Ritz,Season 4,RuPaul's Drag Race (US)
29317702-e92d-4ca4-aa6b-d221938b5e0d,c625629d-7ad8-4dba-949d-a691895bbe5f,f553ff5e-4183-4af8-93c9-0da16ddfbe85,21,5th place[c],2025-08-20T19:59:00.393Z,Kenya Michaels,Season 4,RuPaul's Drag Race (US)
4d86098b-393a-447b-b9ed-e016da4a1bcb,fd2af008-ac73-48a1-b34c-4585bbad386e,f553ff5e-4183-4af8-93c9-0da16ddfbe85,39,4th place[b],2025-08-20T19:58:58.207Z,Latrice Royale,Season 4,RuPaul's Drag Race (US)
92f68a5f-ac95-4cc1-8f15-8cf6f69ade9c,1deecc6d-cb2e-4732-ac22-db6c716d495c,f553ff5e-4183-4af8-93c9-0da16ddfbe85,40,runners-up,2025-08-20T19:58:55.818Z,Chad Michaels,Season 4,RuPaul's Drag Race (US)
217ad0e0-7dcd-41a2-a57f-462f81c5a5b4,f7495d3f-cab5-4578-b700-5e2a44e63278,f553ff5e-4183-4af8-93c9-0da16ddfbe85,29,Winner,2025-08-20T19:58:53.477Z,Sharon Needles,Season 4,RuPaul's Drag Race (US)
ffe43738-df75-4154-8add-5dc12fc8cb85,5c1c3b4d-3aba-409d-ad33-720a955ae992,9d64169f-a253-4b2d-8f53-30f88e8c0601,,,2025-08-20T19:58:49.659Z,Todrick Hall,All Stars 1,RuPaul's Drag Race (US)
6d29ee83-8fbf-4666-a487-78c71cdc1e2d,5401300a-b602-448f-91c7-337272bb17c3,ad7fd921-90f2-4d74-8d44-2576e5566b6d,39,14th place,2025-08-20T19:58:48.431Z,Penny Tration,Season 5,RuPaul's Drag Race (US)
07cd7044-cf49-4b5c-84d5-9294707c6800,1e8b4b02-d650-4c7f-899a-aed6f65ea151,ad7fd921-90f2-4d74-8d44-2576e5566b6d,21,13th place,2025-08-20T19:58:46.028Z,Serena ChaCha,Season 5,RuPaul's Drag Race (US)
ac12b723-00f6-4d16-b421-bc655dc0b66a,3b94c069-071d-467c-a72b-c52b4086c82f,ad7fd921-90f2-4d74-8d44-2576e5566b6d,27,12th place,2025-08-20T19:58:43.542Z,Monica Beverly Hillz,Season 5,RuPaul's Drag Race (US)
4b873c32-f942-4768-a6df-d49bb16a4049,1faa456a-272d-4f86-a01f-217cb475049a,ad7fd921-90f2-4d74-8d44-2576e5566b6d,29,10th place,2025-08-20T19:58:41.070Z,Honey Mahogany,Season 5,RuPaul's Drag Race (US)
c3a6bc68-9b86-4725-a853-f6c701761582,c7d6e4b2-51eb-4ae8-97a6-c2ce447bbc2c,ad7fd921-90f2-4d74-8d44-2576e5566b6d,24,9th place,2025-08-20T19:58:38.674Z,Lineysha Sparx,Season 5,RuPaul's Drag Race (US)
6214a4f1-261c-4795-ba12-3533d0f9dce9,01c712b8-7897-496f-aeff-ea4bc31eef5a,ad7fd921-90f2-4d74-8d44-2576e5566b6d,25,8th place,2025-08-20T19:58:36.305Z,Jade Jolie,Season 5,RuPaul's Drag Race (US)
99e3b48a-476f-4fd1-acf6-be4e4b266698,8e3707f8-cebc-4e54-8650-10fe5483bb60,ad7fd921-90f2-4d74-8d44-2576e5566b6d,26,7th place[c],2025-08-20T19:58:33.638Z,Ivy Winters,Season 5,RuPaul's Drag Race (US)
903db603-baf5-4e19-80cc-af56947cb6a3,250df362-7af0-408b-9b35-2b90aa1cc321,ad7fd921-90f2-4d74-8d44-2576e5566b6d,32,6th place,2025-08-20T19:58:29.141Z,Alyssa Edwards,Season 5,RuPaul's Drag Race (US)
df0f787c-3e52-4b82-87d4-7f4c26c57666,6c8387da-68a1-4bd1-aa17-da3236282fa8,ad7fd921-90f2-4d74-8d44-2576e5566b6d,37,5th place,2025-08-20T19:58:29.126Z,Coco Montrese,Season 5,RuPaul's Drag Race (US)
e310a713-f4d3-45b1-b4ac-5ee066791a0b,0ea52bcf-86ca-47b0-bb7f-ec1eea392ece,ad7fd921-90f2-4d74-8d44-2576e5566b6d,27,4th place,2025-08-20T19:58:26.498Z,Detox[b],Season 5,RuPaul's Drag Race (US)
653abb5b-6658-4fa4-bd70-a5d7d7bf55f8,ec17a799-f0a5-440a-89c0-cec7c9dd909e,ad7fd921-90f2-4d74-8d44-2576e5566b6d,27,runners-up,2025-08-20T19:58:24.239Z,Alaska[a],Season 5,RuPaul's Drag Race (US)
5b6ffe3e-4d32-4f51-b574-78c9b00a66c7,c8606e81-6b80-444c-aacc-367af0a8f78c,ad7fd921-90f2-4d74-8d44-2576e5566b6d,24,Winner,2025-08-20T19:58:20.686Z,Jinkx Monsoon,Season 5,RuPaul's Drag Race (US)
aae1bdb4-182c-4c55-a8df-aff68405ff09,85fbee00-c122-4070-bed2-fc9965a0256f,f5d2a312-8be2-4a0b-8a0f-d9404cf70c52,37,13th place[d],2025-08-20T19:58:15.216Z,Kelly Mantle,Season 6,RuPaul's Drag Race (US)
97b55766-2bbd-423d-a4f0-905848adede4,35435e83-fbab-470d-b55f-4eef1570a922,f5d2a312-8be2-4a0b-8a0f-d9404cf70c52,40,12th place,2025-08-20T19:58:12.866Z,Vivacious,Season 6,RuPaul's Drag Race (US)
b0a59241-ab59-4e41-8532-97b1a51877cb,7de8218e-2e4a-4774-a9fd-3e4bd7a3f82a,f5d2a312-8be2-4a0b-8a0f-d9404cf70c52,24,11th place,2025-08-20T19:58:10.583Z,April Carrión,Season 6,RuPaul's Drag Race (US)
86831163-124c-429b-bf6e-6d1a87d84d8d,5dc42513-d89c-428e-9fba-e984bb7628e8,f5d2a312-8be2-4a0b-8a0f-d9404cf70c52,23,10th place,2025-08-20T19:58:08.245Z,Gia Gunn,Season 6,RuPaul's Drag Race (US)
2a132e2e-f41d-4504-ba98-fb8e2112edf4,28a6c2cb-2e36-4581-ab43-5ba76660f293,f5d2a312-8be2-4a0b-8a0f-d9404cf70c52,25,9th place,2025-08-20T19:58:05.845Z,Milk,Season 6,RuPaul's Drag Race (US)
d15e4a86-92d2-450e-b69c-44a6ac458932,376e31f5-5735-4ba8-89f7-4ef6f0a2af79,f5d2a312-8be2-4a0b-8a0f-d9404cf70c52,24,8th place,2025-08-20T19:58:03.704Z,Laganja Estranja,Season 6,RuPaul's Drag Race (US)
0ee860f7-7a6f-40a2-863f-1c5deafc59bf,94ff4ac9-da4c-47c4-b244-a08ea29e9975,f5d2a312-8be2-4a0b-8a0f-d9404cf70c52,22,7th place,2025-08-20T19:58:01.493Z,Trinity K. Bonet[c],Season 6,RuPaul's Drag Race (US)
eafa90ca-8cd1-4701-b64e-7e7b5e736893,4f2651c2-1572-4192-bb71-826993d794af,f5d2a312-8be2-4a0b-8a0f-d9404cf70c52,26,6th place,2025-08-20T19:57:59.287Z,Joslyn Fox,Season 6,RuPaul's Drag Race (US)
88f7af1c-1566-4e47-af68-db831714901c,0c963821-3dd6-4521-992f-f7a4c687a128,f5d2a312-8be2-4a0b-8a0f-d9404cf70c52,31,5th place[b],2025-08-20T19:57:57.101Z,BenDeLaCreme,Season 6,RuPaul's Drag Race (US)
e0782e15-08d8-4911-80d6-3f5eb70aca7f,2f8c6e35-9d6c-4ded-9f50-b35f963bba49,f5d2a312-8be2-4a0b-8a0f-d9404cf70c52,41,4th place,2025-08-20T19:57:55.093Z,Darienne Lake[a],Season 6,RuPaul's Drag Race (US)
926a7baf-d5ae-4b27-845d-4bee04eb4850,a480864d-60e4-4e17-baa6-ddb4380a3283,f5d2a312-8be2-4a0b-8a0f-d9404cf70c52,23,runners-up,2025-08-20T19:57:52.885Z,Adore Delano,Season 6,RuPaul's Drag Race (US)
1f1c8414-eeb0-4ee7-aab0-acd7adcfa4a5,805712bb-420e-4a69-9bd6-2c2432b9b3a8,f5d2a312-8be2-4a0b-8a0f-d9404cf70c52,37,Winner,2025-08-20T19:57:50.555Z,Bianca Del Rio,Season 6,RuPaul's Drag Race (US)
841153f6-619f-43a5-8d33-a568485caf50,becdcfcb-15e6-4ebc-aec5-568f28e8ca2c,5f9f9335-5ff6-4584-a2ae-d099efbbc9c7,46,14th place,2025-08-20T19:57:47.230Z,Tempest DuJour,Season 7,RuPaul's Drag Race (US)
9c8a2558-76c9-4216-a9b9-0e519ba64f30,05403d8f-af1d-425b-8aec-9903b3242d7e,5f9f9335-5ff6-4584-a2ae-d099efbbc9c7,28,13th place,2025-08-20T19:57:44.818Z,Sasha Belle,Season 7,RuPaul's Drag Race (US)
5a2e9448-9484-440d-84a6-08fd29ebd3c4,1e32826c-38ca-4085-a68c-49584b9d841a,5f9f9335-5ff6-4584-a2ae-d099efbbc9c7,37,12th place,2025-08-20T19:57:42.593Z,Jasmine Masters[f],Season 7,RuPaul's Drag Race (US)
bb109b21-02ba-442b-b430-33dea78a97e1,8772ca17-0aea-4a4c-b5b0-61d62c2b0b87,5f9f9335-5ff6-4584-a2ae-d099efbbc9c7,43,11th place,2025-08-20T19:57:40.209Z,Mrs. Kasha Davis,Season 7,RuPaul's Drag Race (US)
e65ed0a5-37b8-4070-b29d-25fbc30172c5,3f56e950-95b1-46ee-b89e-9a4d41fde92d,5f9f9335-5ff6-4584-a2ae-d099efbbc9c7,28,10th place,2025-08-20T19:57:37.817Z,Kandy Ho,Season 7,RuPaul's Drag Race (US)
7b315267-3f4f-406a-854c-73e855e93497,c80c1ac9-4a33-47e9-82f3-26109151d6c7,5f9f9335-5ff6-4584-a2ae-d099efbbc9c7,22,9th place,2025-08-20T19:57:35.635Z,Max[e],Season 7,RuPaul's Drag Race (US)
dea717bc-715c-474c-88dc-cf2007bc9a30,2e55dfd3-89f8-405d-9899-30cd4607a9b3,5f9f9335-5ff6-4584-a2ae-d099efbbc9c7,25,8th place,2025-08-20T19:57:33.303Z,Jaidynn Diore Fierce,Season 7,RuPaul's Drag Race (US)
faae42b2-15b2-4ba1-a47a-d8831e482d49,3ff3cfeb-a0b0-4fac-8efb-b2448c3fa1aa,5f9f9335-5ff6-4584-a2ae-d099efbbc9c7,29,7th place,2025-08-20T19:57:29.787Z,Miss Fame,Season 7,RuPaul's Drag Race (US)
632e1ad0-978e-48e2-9f1a-05f52a12daee,36c8fd43-bae1-4446-b2fd-d14265b696c8,5f9f9335-5ff6-4584-a2ae-d099efbbc9c7,24,6th place[d],2025-08-20T19:57:25.622Z,Trixie Mattel,Season 7,RuPaul's Drag Race (US)
35ec308f-8671-42a0-90c7-d61abe9d07cb,325d1e30-10e2-4d5c-ba45-40e205e779ab,5f9f9335-5ff6-4584-a2ae-d099efbbc9c7,32,5th place[c],2025-08-20T19:57:22.963Z,Katya[b],Season 7,RuPaul's Drag Race (US)
dd2bf5b1-0265-4f6c-b4b9-3588f0698d4d,897a96de-09cf-4e30-b751-751fb5256fe9,5f9f9335-5ff6-4584-a2ae-d099efbbc9c7,33,4th place,2025-08-20T19:57:20.365Z,Kennedy Davenport,Season 7,RuPaul's Drag Race (US)
c3bb84f9-d15f-4875-9bdd-19f6d3fac9ea,56ff0515-3329-441d-a767-c7a7b0d32c4a,5f9f9335-5ff6-4584-a2ae-d099efbbc9c7,29,runners-up,2025-08-20T19:57:17.278Z,Ginger Minj,Season 7,RuPaul's Drag Race (US)
121a706f-f087-4aa5-9823-75a6e6aadbd2,8d6f7bf6-46ce-40c9-bf25-b939754172a6,5f9f9335-5ff6-4584-a2ae-d099efbbc9c7,22,Winner,2025-08-20T19:57:13.284Z,Violet Chachki,Season 7,RuPaul's Drag Race (US)
145e9fc2-2f58-4142-b09f-a4817adc8ce1,5c1c3b4d-3aba-409d-ad33-720a955ae992,911ccdeb-4d11-46f8-a04e-db43b7f9594f,,,2025-08-20T19:57:07.529Z,Todrick Hall,All Stars 2,RuPaul's Drag Race (US)
f6e4451b-91b6-4bbc-ab85-e982dd798032,e10ff97f-ad78-45a0-8318-289930021238,8a92f3cb-71ae-4ee5-9de6-bd6ed2a0f917,31,11th place,2025-08-20T19:57:06.109Z,Dax ExclamationPoint,Season 8,RuPaul's Drag Race (US)
2dffccd6-9830-4173-bae4-897642a29511,cf047a12-c316-436b-9786-68247e1c8ff5,8a92f3cb-71ae-4ee5-9de6-bd6ed2a0f917,34,10th place[c],2025-08-20T19:57:01.211Z,Cynthia Lee Fontaine,Season 8,RuPaul's Drag Race (US)
4e064ed8-2040-4452-a60e-a0b400eadece,81aed0a7-e932-4328-9747-9284258e477a,8a92f3cb-71ae-4ee5-9de6-bd6ed2a0f917,31,9th place[b],2025-08-20T19:56:55.460Z,Naysha Lopez,Season 8,RuPaul's Drag Race (US)
38ea0216-c691-4d81-8b7d-aeb4ec60b065,97f76170-f646-4891-bed8-9d464f5d54a8,8a92f3cb-71ae-4ee5-9de6-bd6ed2a0f917,38,8th place,2025-08-20T19:56:50.925Z,Acid Betty,Season 8,RuPaul's Drag Race (US)
a994e346-0352-45da-8450-26831a175319,bbdbfd92-7c48-4b6e-8067-db0aea64d24e,8a92f3cb-71ae-4ee5-9de6-bd6ed2a0f917,33,7th place,2025-08-20T19:56:45.132Z,Robbie Turner,Season 8,RuPaul's Drag Race (US)
fc54c775-9fca-4c6b-8795-8d9ab8109172,8038c7e9-0628-4d78-97fc-57206bb23522,8a92f3cb-71ae-4ee5-9de6-bd6ed2a0f917,31,6th place,2025-08-20T19:56:40.522Z,Thorgy Thor,Season 8,RuPaul's Drag Race (US)
2abcd036-5384-4661-96e2-60c867752eb5,9cae5d46-db46-44ac-8bdf-4600c613ef09,8a92f3cb-71ae-4ee5-9de6-bd6ed2a0f917,32,5th place,2025-08-20T19:56:36.173Z,Derrick Barry,Season 8,RuPaul's Drag Race (US)
474cdfbd-08ad-4f86-aa9c-34244fde04eb,9e18f9ea-4aa3-4823-bf86-4b3ce4dddc2d,8a92f3cb-71ae-4ee5-9de6-bd6ed2a0f917,29,4th place,2025-08-20T19:56:33.699Z,Chi Chi DeVayne[a],Season 8,RuPaul's Drag Race (US)
43676f6d-5280-42dc-be3f-7641767d5eea,e60df4b7-7575-44be-ad5a-ba0f90af83c1,8a92f3cb-71ae-4ee5-9de6-bd6ed2a0f917,27,runners-up,2025-08-20T19:56:30.388Z,Kim Chi,Season 8,RuPaul's Drag Race (US)
0c110ebf-4816-4f31-83fa-8e8bde1988ec,121bc56b-28d2-499e-ae5d-bc27cd497233,8a92f3cb-71ae-4ee5-9de6-bd6ed2a0f917,29,Winner,2025-08-20T19:56:24.550Z,Bob the Drag Queen,Season 8,RuPaul's Drag Race (US)
9555b1bc-1244-4e64-8d99-24a971ba134c,78f0de5d-6f6d-490b-85f2-6a6bae4c4c08,dde8b24c-15d6-470d-a91e-ad24245368e7,26,14th place,2025-08-20T19:56:20.370Z,Jaymes Mansfield,Season 9,RuPaul's Drag Race (US)
a5a09e86-bd57-4a9f-9e20-9bcad519a63c,1ed65621-b40b-4f74-8584-12649b72deec,dde8b24c-15d6-470d-a91e-ad24245368e7,27,13th place,2025-08-20T19:56:17.586Z,Kimora Blac,Season 9,RuPaul's Drag Race (US)
8eed94dc-c5f7-4221-bad8-148b51474432,d1272d28-7a88-4b87-9933-61986026ef77,dde8b24c-15d6-470d-a91e-ad24245368e7,52,12th place,2025-08-20T19:56:14.583Z,Charlie Hides,Season 9,RuPaul's Drag Race (US)
49e8cab5-f5c7-4385-96fd-f9dbf8f8699d,408f1abf-02e4-420d-9fab-7a8e06e0be25,dde8b24c-15d6-470d-a91e-ad24245368e7,25,11th place[g],2025-08-20T19:56:10.734Z,Eureka[f],Season 9,RuPaul's Drag Race (US)
c712b1c5-c7a1-447c-8ff0-e7dcb1d98fec,efc66c06-fdf6-4651-8d09-2476bfdb6415,dde8b24c-15d6-470d-a91e-ad24245368e7,35,10th place,2025-08-20T19:56:08.394Z,Cynthia Lee Fontaine[e],Season 9,RuPaul's Drag Race (US)
1bcde78c-f571-4d4f-b591-ede6d1ee8f8f,64f7ca99-e17f-4a97-bceb-20350361543d,dde8b24c-15d6-470d-a91e-ad24245368e7,22,9th place,2025-08-20T19:56:06.035Z,Aja[d],Season 9,RuPaul's Drag Race (US)
767ae3df-a0dd-47c1-bbb3-06df120052f4,afcbfa44-873c-4320-9e7b-0dc7372c4cba,dde8b24c-15d6-470d-a91e-ad24245368e7,23,8th place,2025-08-20T19:56:03.796Z,Farrah Moan,Season 9,RuPaul's Drag Race (US)
00b6c57e-ba9b-4c82-98cd-12d8f258506d,2001fe38-09ba-4b95-a589-d7a6f55f31a5,dde8b24c-15d6-470d-a91e-ad24245368e7,25,7th place[c],2025-08-20T19:56:01.329Z,Valentina,Season 9,RuPaul's Drag Race (US)
841f8b54-d2af-40fb-9026-2696de00a39f,305b0c49-9124-4653-a9a4-99dbf70107e2,dde8b24c-15d6-470d-a91e-ad24245368e7,34,6th place,2025-08-20T19:55:58.820Z,Nina Bo'nina Brown,Season 9,RuPaul's Drag Race (US)
5e2f3a3a-388b-4e8d-9953-13de73d1f1fd,a6f875fa-1104-4ba6-a770-65ecb291f6a2,dde8b24c-15d6-470d-a91e-ad24245368e7,32,5th place,2025-08-20T19:55:56.452Z,Alexis Michelle,Season 9,RuPaul's Drag Race (US)
ea4fa71d-9f67-4a68-8229-3da879d5bf32,0056b6e2-d19d-4699-8bb7-f4270930962d,dde8b24c-15d6-470d-a91e-ad24245368e7,27,3rd place,2025-08-20T19:55:53.700Z,Shea Couleé,Season 9,RuPaul's Drag Race (US)
d987917b-ce2d-4918-81b0-98bc46b577e9,6a245d53-e594-48b0-b136-2539fdee70c2,dde8b24c-15d6-470d-a91e-ad24245368e7,37,Runner-up,2025-08-20T19:55:51.154Z,Peppermint[a],Season 9,RuPaul's Drag Race (US)
8909a653-80f4-4c10-8ed1-c35c66cd15d2,59478a19-09cf-46c5-926e-280f94b36ca8,dde8b24c-15d6-470d-a91e-ad24245368e7,29,Winner,2025-08-20T19:55:48.455Z,Sasha Velour,Season 9,RuPaul's Drag Race (US)
d50bbb54-111d-4a4d-a63f-57e079f04e37,c13f782c-4109-4143-b938-4587c1c5bc7c,ce3bce5d-2caf-46dc-8c16-96dd819f90c6,25,14th place,2025-08-20T19:55:42.589Z,Vanessa Vanjie Mateo[f],Season 10,RuPaul's Drag Race (US)
2f18ee93-a576-424f-9bd5-3e27aae4bac0,918c8ac4-5d98-45bf-8b5e-c52331f1f2f2,ce3bce5d-2caf-46dc-8c16-96dd819f90c6,27,13th place,2025-08-20T19:55:40.254Z,Kalorie Karbdashian Williams,Season 10,RuPaul's Drag Race (US)
2a47fe8a-0bec-473e-b742-241f0e79b001,12f47519-a850-46bf-b5d3-9b1334d766d8,ce3bce5d-2caf-46dc-8c16-96dd819f90c6,27,12th place,2025-08-20T19:55:37.885Z,Yuhua Hamasaki[e],Season 10,RuPaul's Drag Race (US)
800cf905-0c29-4a92-a517-b238cccf8c5a,00b26398-5abe-43ef-ae23-022445c84ee9,ce3bce5d-2caf-46dc-8c16-96dd819f90c6,29,11th place,2025-08-20T19:55:31.884Z,Dusty Ray Bottoms,Season 10,RuPaul's Drag Race (US)
4d948da4-f63f-4eef-accf-3c3246091f3f,f7767bcc-0e6f-4eeb-8e0c-59796f9abb32,ce3bce5d-2caf-46dc-8c16-96dd819f90c6,35,10th place,2025-08-20T19:55:29.451Z,Mayhem Miller,Season 10,RuPaul's Drag Race (US)
735bd02e-07c7-46d4-995f-ba09ac5d9adc,adc177cb-6f63-41e2-ba98-64787ccc7432,ce3bce5d-2caf-46dc-8c16-96dd819f90c6,22,9th place,2025-08-20T19:55:26.718Z,Blair St. Clair,Season 10,RuPaul's Drag Race (US)
da63da17-3bf3-468c-9f69-f33c20f1ebfa,3c6cda42-7168-4717-8ce6-e03820e0dfb2,ce3bce5d-2caf-46dc-8c16-96dd819f90c6,31,8th place,2025-08-20T19:55:23.620Z,Monique Heart[d],Season 10,RuPaul's Drag Race (US)
9f0e90d2-93ac-4869-910f-0d0ee11089c0,b4e3d452-ec0f-43b9-9741-a0a18d5f465c,ce3bce5d-2caf-46dc-8c16-96dd819f90c6,26,7th place,2025-08-20T19:55:21.211Z,The Vixen,Season 10,RuPaul's Drag Race (US)
1ac5d875-89f7-4e80-a1ef-07de261e430c,d386b14e-0193-44f0-aa09-5cec52022a6f,ce3bce5d-2caf-46dc-8c16-96dd819f90c6,27,6th place[c],2025-08-20T19:55:18.825Z,Monét X Change,Season 10,RuPaul's Drag Race (US)
e425a28b-9771-48cb-9c75-f5a70ed0d9bf,7491b83e-0a67-47e8-b830-8353dcc999fc,ce3bce5d-2caf-46dc-8c16-96dd819f90c6,33,5th place,2025-08-20T19:55:16.403Z,Miz Cracker,Season 10,RuPaul's Drag Race (US)
0d7e187a-c3b6-40a9-8ee7-46f6d64698e0,a63b050b-d1f2-4186-a7ac-42f4cee12740,ce3bce5d-2caf-46dc-8c16-96dd819f90c6,35,4th place,2025-08-20T19:55:13.565Z,Asia O'Hara[b],Season 10,RuPaul's Drag Race (US)
89c0fe9c-b8bc-4531-bda2-5fafba6ed165,dd342feb-bfbf-4966-a278-d759fecf4cb5,ce3bce5d-2caf-46dc-8c16-96dd819f90c6,27,runners-up,2025-08-20T19:55:11.254Z,Eureka[a],Season 10,RuPaul's Drag Race (US)
78a9ca74-c027-4aca-bfe4-ff8875dcd008,d83f1deb-d0ba-4d2c-962f-1ac1c7c9311d,ce3bce5d-2caf-46dc-8c16-96dd819f90c6,21,Winner,2025-08-20T19:55:08.837Z,Aquaria,Season 10,RuPaul's Drag Race (US)
b7910058-93dd-42a6-b986-1e90ddcac2d4,5c1c3b4d-3aba-409d-ad33-720a955ae992,169fcc90-ac78-45ac-ba9d-4b51fe2914a6,,,2025-08-20T19:55:05.051Z,Todrick Hall,All Stars 3,RuPaul's Drag Race (US)
9cbf39d1-cd9e-40d0-b106-2ca57c4152f3,5c1c3b4d-3aba-409d-ad33-720a955ae992,210bd2fe-5d30-4a0b-b3eb-b5125e90f2f9,,,2025-08-20T19:55:03.957Z,Todrick Hall,All Stars 4,RuPaul's Drag Race (US)
7b94825d-2dd4-416d-8810-ac2b3ae24ecb,bbd48496-7cb2-488a-a15c-4b3abb7eb259,d2d0160a-ae3f-4b2a-a070-c8b0a7968368,21,10th place,2025-08-20T19:55:01.613Z,Gothy Kendoll,RuPaul’s Drag Race UK Season 1,RuPaul's Drag Race UK
3de2517d-0c81-4352-ac2c-66b478c0e76e,597d22e0-edcc-4754-af9a-682f1d13d953,d2d0160a-ae3f-4b2a-a070-c8b0a7968368,19,9th place,2025-08-20T19:54:58.779Z,Scaredy Kat,RuPaul’s Drag Race UK Season 1,RuPaul's Drag Race UK
3a238eb1-cec2-4a37-9ffd-53a816cec72d,60883e4e-8cfa-47f7-b46e-52bc145d371f,d2d0160a-ae3f-4b2a-a070-c8b0a7968368,34,8th place,2025-08-20T19:54:56.099Z,Vinegar Strokes,RuPaul’s Drag Race UK Season 1,RuPaul's Drag Race UK
efdd12ea-efad-46e8-888b-395c837d319a,10c4a86b-c865-4098-8cee-66172247c7f7,d2d0160a-ae3f-4b2a-a070-c8b0a7968368,30,7th place,2025-08-20T19:54:53.753Z,Sum Ting Wong,RuPaul’s Drag Race UK Season 1,RuPaul's Drag Race UK
6cb82b57-64fa-481f-966b-d260039adbbf,59da8351-ffd5-4978-9b98-9ee95034fefa,d2d0160a-ae3f-4b2a-a070-c8b0a7968368,34,6th place,2025-08-20T19:54:50.886Z,Crystal,RuPaul’s Drag Race UK Season 1,RuPaul's Drag Race UK
ad3e762a-42bc-49c9-ac24-69724ba310d5,989cd5c7-68c3-4f14-bcd4-4413c42c7a11,d2d0160a-ae3f-4b2a-a070-c8b0a7968368,23,5th place,2025-08-20T19:54:48.540Z,Blu Hydrangea,RuPaul’s Drag Race UK Season 1,RuPaul's Drag Race UK
fc508f3c-bef5-467f-88ba-bbaafd5647e3,d85235fe-7eec-4a27-adff-0415cad704c9,d2d0160a-ae3f-4b2a-a070-c8b0a7968368,25,4th place,2025-08-20T19:54:45.811Z,Cheryl Hole[a],RuPaul’s Drag Race UK Season 1,RuPaul's Drag Race UK
550b1f49-1128-40ca-b3d9-0c7632e44d63,e846882c-a8ae-4241-b7d6-921193cdaba7,d2d0160a-ae3f-4b2a-a070-c8b0a7968368,29,3rd place,2025-08-20T19:54:42.990Z,Baga Chipz,RuPaul’s Drag Race UK Season 1,RuPaul's Drag Race UK
5665f2b0-c1c3-4121-9788-3838b3b561f4,d4e03000-8314-407e-b779-27b8dcba28d2,d2d0160a-ae3f-4b2a-a070-c8b0a7968368,35,Runner-up,2025-08-20T19:54:39.953Z,Divina de Campo,RuPaul’s Drag Race UK Season 1,RuPaul's Drag Race UK
e4c871b5-3a58-4e43-ac7d-a914295399ae,1eeb1b05-0800-4be5-bc5c-6a314a3c19e0,d2d0160a-ae3f-4b2a-a070-c8b0a7968368,26,Winner,2025-08-20T19:54:37.504Z,The Vivienne,RuPaul’s Drag Race UK Season 1,RuPaul's Drag Race UK
cb3ba225-3219-41bb-a083-82959495d9d7,80ec5c5b-7253-4a67-a603-b3d6b5c07d8d,b02dbb37-069b-445c-b289-1a11654afbda,27,15th place,2025-08-20T19:54:34.075Z,Soju,Season 11,RuPaul's Drag Race (US)
0139bc77-2533-468d-b49f-a1369a2d83ee,7abd5b25-9838-48a9-bcbd-27a57e33d7bd,b02dbb37-069b-445c-b289-1a11654afbda,25,14th place,2025-08-20T19:54:31.161Z,Kahanna Montrese,Season 11,RuPaul's Drag Race (US)
a1f69099-d53b-44c1-adb9-27f925f6f32f,1d39f134-44f0-4859-8338-88e33b82a40d,b02dbb37-069b-445c-b289-1a11654afbda,32,13th place,2025-08-20T19:54:28.234Z,Honey Davenport,Season 11,RuPaul's Drag Race (US)
86d41c7f-c67a-49d6-b8dd-2f9eafae00b8,542afc29-e761-4829-8562-f64663fbed38,b02dbb37-069b-445c-b289-1a11654afbda,31,12th place,2025-08-20T19:54:25.716Z,Mercedes Iman Diamond,Season 11,RuPaul's Drag Race (US)
fc1a3ec5-833b-454a-87b0-e97fa215daf1,ba82623b-6535-4f71-847b-6b554a7a2bb8,b02dbb37-069b-445c-b289-1a11654afbda,26,11th place,2025-08-20T19:54:22.518Z,Ariel Versace,Season 11,RuPaul's Drag Race (US)
f2e29128-da1f-4efc-8cff-99b824b4df1e,2ba4920a-bad0-4df6-849f-497581f252a3,b02dbb37-069b-445c-b289-1a11654afbda,26,10th place,2025-08-20T19:54:19.830Z,Scarlet Envy,Season 11,RuPaul's Drag Race (US)
23aff120-330f-4b65-b07a-f2a0b9861ef1,cd017036-4943-42fb-ae53-9820b5ac6d60,b02dbb37-069b-445c-b289-1a11654afbda,33,9th place,2025-08-20T19:54:17.024Z,Ra'Jah O'Hara[e],Season 11,RuPaul's Drag Race (US)
48814f82-12a5-47bd-a479-17c737cd73ec,389d1090-50ac-4428-ba2d-ab5367421434,b02dbb37-069b-445c-b289-1a11654afbda,21,8th place,2025-08-20T19:54:14.258Z,Plastique Tiara,Season 11,RuPaul's Drag Race (US)
832bf323-fffb-4e60-9679-fbea8313b7ab,f71a9d4c-1db5-4f6c-b408-052e57c85e31,b02dbb37-069b-445c-b289-1a11654afbda,40,7th place,2025-08-20T19:54:11.215Z,Shuga Cain,Season 11,RuPaul's Drag Race (US)
f5c06850-db08-4b6e-918c-98bced1b0b17,19ad736b-6ea7-4dbc-88ba-70dad86a20ae,b02dbb37-069b-445c-b289-1a11654afbda,39,6th place[d],2025-08-20T19:54:08.655Z,Nina West,Season 11,RuPaul's Drag Race (US)
9e63dae0-8f3a-4d6a-84b3-dc71f8c51269,cf439899-5579-4ca8-ba27-a30fa8e32446,b02dbb37-069b-445c-b289-1a11654afbda,26,5th place,2025-08-20T19:54:06.184Z,Vanessa Vanjie Mateo[b][c],Season 11,RuPaul's Drag Race (US)
d2dc13a1-cc79-4683-a695-eabd45f410c5,937052a5-8424-49c7-b5d8-7d3498668240,b02dbb37-069b-445c-b289-1a11654afbda,30,3rd place,2025-08-20T19:54:03.710Z,A'keria C. Davenport[a],Season 11,RuPaul's Drag Race (US)
7089b522-fd09-4a59-af06-7b845d4c1d25,638f279b-7842-4128-be87-6221b402b8ba,b02dbb37-069b-445c-b289-1a11654afbda,32,Runner-up,2025-08-20T19:54:01.368Z,Brooke Lynn Hytes,Season 11,RuPaul's Drag Race (US)
10e0885a-6123-4097-9183-4a0a64e9d56d,b40028e2-90c2-4e5b-9af3-b4283a5296fa,b02dbb37-069b-445c-b289-1a11654afbda,24,Winner,2025-08-20T19:53:58.953Z,Yvie Oddly,Season 11,RuPaul's Drag Race (US)
9f459ea4-bf37-4cdb-aa0e-d7d430cfaf93,5c1c3b4d-3aba-409d-ad33-720a955ae992,52327e5a-9795-4720-b2fc-06291a5971eb,,,2025-08-20T19:53:54.291Z,Todrick Hall,All Stars 5,RuPaul's Drag Race (US)
a33c5133-ce46-4591-abaf-2afed121af71,4c35e9d6-3cb0-4bde-bbe9-e54646c11c4b,c4ce4ea4-4a5e-4942-a52b-aec90501861a,,recurring,2025-08-20T19:53:53.145Z,Sarain Fox,Canada’s Drag Race Season 1,Canada's Drag Race
82349d9c-7643-4192-9dc9-0e070ea350e2,76f37059-fdb2-463a-8ab5-d7352e3af785,c4ce4ea4-4a5e-4942-a52b-aec90501861a,,,2025-08-20T19:53:53.130Z,Amanda Brugel,Canada’s Drag Race Season 1,Canada's Drag Race
0037721e-5290-4487-9ade-14bd8507cb23,c0b5eddf-0a5b-49dc-86fb-f86b3c6eb1e0,a0cd69e3-1c73-416f-83f7-cb0201f16cfe,28,13th place,2025-08-20T19:53:51.935Z,Dahlia Sin,Season 12,RuPaul's Drag Race (US)
0d35adcb-6738-47b7-836a-6be1c110cd29,4a60486f-71fb-422d-bebe-31aacfd07dc4,a0cd69e3-1c73-416f-83f7-cb0201f16cfe,28,12th place,2025-08-20T19:53:49.527Z,Rock M. Sakura,Season 12,RuPaul's Drag Race (US)
26e43e56-896d-4eb6-8e81-a11457e12b99,3c9ed477-964e-45f9-aea5-eefe9a1d4235,a0cd69e3-1c73-416f-83f7-cb0201f16cfe,28,11th place,2025-08-20T19:53:47.120Z,Nicky Doll,Season 12,RuPaul's Drag Race (US)
e2f44d86-47f9-4856-9426-87ada51307c7,2b3da7a6-3353-42d2-bcfe-44db08f80d39,a0cd69e3-1c73-416f-83f7-cb0201f16cfe,29,10th place,2025-08-20T19:53:44.607Z,Aiden Zhane,Season 12,RuPaul's Drag Race (US)
cbf60dc3-4673-48d5-b80a-41b6db3329d1,cf6b09cd-1bc8-4d9d-91ae-0abd02bb4b59,a0cd69e3-1c73-416f-83f7-cb0201f16cfe,34,9th place,2025-08-20T19:53:42.153Z,Brita[d],Season 12,RuPaul's Drag Race (US)
25f59db5-fca8-4a1e-960b-19bba4614277,2ee110a0-b5c5-41fa-bc9f-e4ea9fe99f21,a0cd69e3-1c73-416f-83f7-cb0201f16cfe,26,8th place,2025-08-20T19:53:40.074Z,Jan[c],Season 12,RuPaul's Drag Race (US)
1159519f-2023-4db7-bd5e-c6818d8a905b,ee8aec3a-d666-4da4-a774-de995534b77d,a0cd69e3-1c73-416f-83f7-cb0201f16cfe,30,7th place,2025-08-20T19:53:35.842Z,Widow Von'Du,Season 12,RuPaul's Drag Race (US)
121102be-006c-4907-8d93-4b2a3b69abcd,103f9668-57ae-4653-aa46-79641c256480,a0cd69e3-1c73-416f-83f7-cb0201f16cfe,24,6th place[b],2025-08-20T19:53:32.725Z,Heidi N Closet,Season 12,RuPaul's Drag Race (US)
b3f0594d-1e79-4958-ad57-c339262e9d6f,c95c51db-14ea-49dd-afc6-51015abb1053,a0cd69e3-1c73-416f-83f7-cb0201f16cfe,34,5th place,2025-08-20T19:53:30.271Z,Jackie Cox,Season 12,RuPaul's Drag Race (US)
410a4a16-eee5-4ad2-8aba-7a975afcf1e0,f1178b77-6517-4cfc-affc-a9bea2a58de2,a0cd69e3-1c73-416f-83f7-cb0201f16cfe,27,Disqualified,2025-08-20T19:53:26.537Z,Sherry Pie,Season 12,RuPaul's Drag Race (US)
1de099c5-cbb9-4107-a031-d6d10fc3b7bd,6c3c9d7b-0a5b-43d1-8fbc-23d8b9ffb41d,a0cd69e3-1c73-416f-83f7-cb0201f16cfe,28,runners-up,2025-08-20T19:53:23.447Z,Crystal Methyd,Season 12,RuPaul's Drag Race (US)
5147a0b2-d112-49fe-a6d7-1071d9b8bbe0,48b15949-1606-4395-b88a-c0768c6c0791,a0cd69e3-1c73-416f-83f7-cb0201f16cfe,32,Winner,2025-08-20T19:53:19.355Z,Jaida Essence Hall,Season 12,RuPaul's Drag Race (US)
5619adf1-7b2d-4526-89cd-e4f92ce2763b,354a7425-8f2f-4dae-a055-1e836b716533,c5e82471-f658-45d0-a3c8-dc2d1dea65d4,,main,2025-08-20T19:53:14.074Z,Paola Iezzi,Drag Race Italia Season 1,Drag Race Italia
3d743ddd-0711-4829-ae5b-9e1969389bdc,62c0836e-7b41-4ecc-aee9-c514201b2045,59e3a808-9f8f-4a6e-92eb-5e9ac9bd0135,28,13th place,2025-08-20T19:53:12.934Z,Kahmora Hall,Season 13,RuPaul's Drag Race (US)
3149f51e-d9ee-40cc-864a-741dc708a043,cef1c254-d2a0-4d80-9daf-3e9faed3c63e,59e3a808-9f8f-4a6e-92eb-5e9ac9bd0135,30,12th place,2025-08-20T19:53:07.901Z,Joey Jay,Season 13,RuPaul's Drag Race (US)
80c0dd66-756c-4fe2-ba7b-d8329eca9f1e,85a9516f-dc4a-4c3d-846c-a98d301bc553,59e3a808-9f8f-4a6e-92eb-5e9ac9bd0135,49,11th place,2025-08-20T19:53:05.530Z,Tamisha Iman,Season 13,RuPaul's Drag Race (US)
6dc369f4-9c23-46ad-bf15-8897ac94c277,a10bc9ec-be9d-435d-846c-1130bb3aa7bb,59e3a808-9f8f-4a6e-92eb-5e9ac9bd0135,30,10th place[d],2025-08-20T19:53:03.221Z,LaLa Ri,Season 13,RuPaul's Drag Race (US)
d37c6df4-0ae8-43ca-a76e-49bb3e18fac8,0455f2f5-c78b-4eb9-9517-47d2ba015bc1,59e3a808-9f8f-4a6e-92eb-5e9ac9bd0135,26,9th place,2025-08-20T19:53:01.038Z,Elliott with 2 Ts[c],Season 13,RuPaul's Drag Race (US)
a5a80ffd-6386-4966-bbb4-021265a33379,e19d47ea-2cdd-455a-b831-113dc0ee5474,59e3a808-9f8f-4a6e-92eb-5e9ac9bd0135,28,8th place,2025-08-20T19:52:58.765Z,Denali[b],Season 13,RuPaul's Drag Race (US)
35753d54-d2ae-4f86-b073-044a8266f770,d8711c20-61f0-47ec-be4a-9c2244b7cf83,59e3a808-9f8f-4a6e-92eb-5e9ac9bd0135,39,7th place,2025-08-20T19:52:56.733Z,Tina Burner,Season 13,RuPaul's Drag Race (US)
1378c9a1-5562-4863-9b34-4e5a4fc200df,5d6fc3e4-27c7-4745-a4d4-3c79ee25683d,59e3a808-9f8f-4a6e-92eb-5e9ac9bd0135,25,6th place,2025-08-20T19:52:54.430Z,Utica Queen,Season 13,RuPaul's Drag Race (US)
82b078e5-1e4d-408d-94ca-9f5657b5b7a3,a7784650-b820-418d-bf48-66ed87593db4,59e3a808-9f8f-4a6e-92eb-5e9ac9bd0135,26,5th place,2025-08-20T19:52:52.198Z,Olivia Lux,Season 13,RuPaul's Drag Race (US)
f7cf96b6-63b3-4b7e-9891-cae05afc537e,4e50734f-7491-46df-be34-1e89c1cb5b20,59e3a808-9f8f-4a6e-92eb-5e9ac9bd0135,23,3rd place,2025-08-20T19:52:49.787Z,Gottmik,Season 13,RuPaul's Drag Race (US)
4b22f476-8479-40ca-a2e8-d84bb3e5dc3d,c529f9a1-73ad-43b4-bb04-b2cf426b31c2,59e3a808-9f8f-4a6e-92eb-5e9ac9bd0135,25,Runner-up,2025-08-20T19:52:47.748Z,Kandy Muse,Season 13,RuPaul's Drag Race (US)
1ae5816b-d8d5-434d-b83b-fd7bfbc7c254,ca368378-d810-4288-8c39-427f2f2da4c6,59e3a808-9f8f-4a6e-92eb-5e9ac9bd0135,25,Winner,2025-08-20T19:52:45.473Z,Symone,Season 13,RuPaul's Drag Race (US)
4b321139-904e-4603-bbf5-80fe3a00ced5,bdfc7892-2ae1-4462-9e81-a118b352fbb7,a25405b8-b219-4aee-8cb7-3d69d65b62e4,,tba,2025-08-20T19:52:42.285Z,Spankie Jackzon,Drag Race Down Under Season 1,Drag Race Down Under
671a7227-76ae-465e-8c94-dd8ceb6f62a3,8842e253-dc00-4b4b-b2d2-c11a867ec239,a25405b8-b219-4aee-8cb7-3d69d65b62e4,,tba,2025-08-20T19:52:42.273Z,Kita Mean,Drag Race Down Under Season 1,Drag Race Down Under
03e817b0-9692-4dc6-8f24-d574cd10f152,2c078d89-0360-4968-abe2-f2f23cf79111,a25405b8-b219-4aee-8cb7-3d69d65b62e4,,tba,2025-08-20T19:52:42.258Z,Isis Avis Loren,Drag Race Down Under Season 1,Drag Race Down Under
0550e638-f9de-42bd-b372-5c06ff59beaa,4c35e9d6-3cb0-4bde-bbe9-e54646c11c4b,e8e7573b-f47f-43d6-9ef8-82b769a58580,,recurring,2025-08-20T19:52:41.178Z,Sarain Fox,Canada’s Drag Race Season 2,Canada's Drag Race
b2d8165e-34e7-4dd3-8594-6033df73ec20,76f37059-fdb2-463a-8ab5-d7352e3af785,e8e7573b-f47f-43d6-9ef8-82b769a58580,,,2025-08-20T19:52:41.163Z,Amanda Brugel,Canada’s Drag Race Season 2,Canada's Drag Race
5b5d1942-efeb-4e37-8657-6e7100daaa26,5c1c3b4d-3aba-409d-ad33-720a955ae992,14443c4f-7318-45c5-bc51-b81ff1bcdec2,,,2025-08-20T19:52:38.949Z,Todrick Hall,All Stars 6,RuPaul's Drag Race (US)
c3d5fd12-87ec-4e37-80d4-245b832ced45,1e2ec649-810d-447a-aef1-364e75e90355,2d3be695-01eb-44fe-9fb1-5616c502e1c1,11,versex,2025-08-20T19:52:21.067Z,3,Drag Race Philippines Season 1,Drag Race Philippines
049fdee4-6b25-4fae-8e83-bc9f8973b5e0,6e90ce34-bfac-4ce4-a39e-6800e012839d,2d3be695-01eb-44fe-9fb1-5616c502e1c1,12,hana beshie,2025-08-20T19:52:21.053Z,2,Drag Race Philippines Season 1,Drag Race Philippines
48cbc0c6-d485-47c3-b16e-df411289b368,00dbe26c-93c6-42a0-bebc-1a1a5e6dfe61,2d3be695-01eb-44fe-9fb1-5616c502e1c1,12,lady morgana,2025-08-20T19:52:21.037Z,1,Drag Race Philippines Season 1,Drag Race Philippines
600d4f82-a0c2-4652-be94-786ea8d600fa,354a7425-8f2f-4dae-a055-1e836b716533,466fe4c0-7ef7-4bdd-a13a-c465d56e3b6f,,main,2025-08-20T19:52:19.946Z,Paola Iezzi,Drag Race Italia Season 2,Drag Race Italia
12349ade-9fee-484c-8c1b-031f39b6f453,4c35e9d6-3cb0-4bde-bbe9-e54646c11c4b,0be75857-839b-4a66-baa3-c40574779c45,,recurring,2025-08-20T19:52:17.471Z,Sarain Fox,Canada’s Drag Race Season 3,Canada's Drag Race
6c857079-97be-40b8-8c44-9a1e4a64d966,76f37059-fdb2-463a-8ab5-d7352e3af785,0be75857-839b-4a66-baa3-c40574779c45,,,2025-08-20T19:52:17.454Z,Amanda Brugel,Canada’s Drag Race Season 3,Canada's Drag Race
f2028960-efa3-48d7-abca-d39eeb33a4e0,5c1c3b4d-3aba-409d-ad33-720a955ae992,673cb917-7de2-460b-b47f-10156b6343c2,,,2025-08-20T19:52:14.902Z,Todrick Hall,All Stars 7,RuPaul's Drag Race (US)
08ba06e3-2943-4da5-b970-854b13c75357,378ddf24-f127-4225-9fc7-55bc0f124bc2,80ec7657-bafd-4eac-bdfb-d63279bf9e24,29,14th place,2025-08-20T19:52:13.668Z,June Jambalaya,Season 14,RuPaul's Drag Race (US)
56664cf2-759a-464e-bbdb-83a74b193c48,b0e01f02-ff81-409b-a70a-64faf681a2d8,80ec7657-bafd-4eac-bdfb-d63279bf9e24,26,13th place,2025-08-20T19:52:10.571Z,Alyssa Hunter,Season 14,RuPaul's Drag Race (US)
8df5c1b6-8e7b-446c-9664-95450e80c1a6,431b774e-9e72-442a-beb0-782e0dc55ba3,80ec7657-bafd-4eac-bdfb-d63279bf9e24,29,12th place[c],2025-08-20T19:52:07.967Z,"Kornbread ""The Snack"" Jeté",Season 14,RuPaul's Drag Race (US)
7c4f1000-f3ca-490d-8d29-64b698ee63d2,77e21d95-cd00-410d-844f-643010bed09f,80ec7657-bafd-4eac-bdfb-d63279bf9e24,25,11th place[b],2025-08-20T19:52:05.644Z,Orion Story,Season 14,RuPaul's Drag Race (US)
b3af09e9-4a20-4755-94ff-7d8adf2962f3,bc62cfe6-a27f-49a3-a860-028b5ba6464d,80ec7657-bafd-4eac-bdfb-d63279bf9e24,26,10th place,2025-08-20T19:52:03.235Z,Maddy Morphosis,Season 14,RuPaul's Drag Race (US)
f89ee670-c8b0-4c68-bbc8-ef4d0a331975,736f8237-60b7-4d56-b9c6-62c968926651,80ec7657-bafd-4eac-bdfb-d63279bf9e24,24,9th place,2025-08-20T19:51:59.307Z,Kerri Colby,Season 14,RuPaul's Drag Race (US)
23c32da3-10db-4f55-8741-9abd2296f28d,bdfa1d30-a520-4e13-9afc-0f1e8f3dedb3,80ec7657-bafd-4eac-bdfb-d63279bf9e24,22,8th place,2025-08-20T19:51:56.463Z,Jasmine Kennedie,Season 14,RuPaul's Drag Race (US)
7899dca9-87e9-4b84-9dc3-6cd927dab3dd,be8bb3cf-a694-434d-9245-0b1002507d1e,80ec7657-bafd-4eac-bdfb-d63279bf9e24,31,6th place,2025-08-20T19:51:53.722Z,DeJa Skye,Season 14,RuPaul's Drag Race (US)
0c171281-c6c0-4a96-ab59-0789a09708b6,b49c4c87-fd8e-4676-9efe-92cb782c08ea,80ec7657-bafd-4eac-bdfb-d63279bf9e24,27,3rd place[a],2025-08-20T19:51:47.912Z,Angeria Paris VanMicheals,Season 14,RuPaul's Drag Race (US)
bcc52aad-7b92-41ad-953e-f7aea4f07603,339ab8a8-db1c-4093-ade7-d64457c5b305,80ec7657-bafd-4eac-bdfb-d63279bf9e24,31,Runner-up,2025-08-20T19:51:44.319Z,Lady Camden,Season 14,RuPaul's Drag Race (US)
9d4a10c1-9444-4e57-8711-9580b6fe5fb4,2c8021a4-f32d-4b83-ab9b-38e8735fe994,80ec7657-bafd-4eac-bdfb-d63279bf9e24,26,Winner,2025-08-20T19:51:41.126Z,Willow Pill,Season 14,RuPaul's Drag Race (US)
fc5736aa-4441-43ef-bcc5-5fdb0225d202,bdfc7892-2ae1-4462-9e81-a118b352fbb7,a4b26c8e-2569-44ae-a22b-5e1da9f03f4d,,tba,2025-08-20T19:51:37.249Z,Spankie Jackzon,Drag Race Down Under Season 2,Drag Race Down Under
0e17f559-93a1-4bd6-997c-54794a1f497f,8842e253-dc00-4b4b-b2d2-c11a867ec239,a4b26c8e-2569-44ae-a22b-5e1da9f03f4d,,tba,2025-08-20T19:51:37.233Z,Kita Mean,Drag Race Down Under Season 2,Drag Race Down Under
5f04354d-18ac-4142-a179-22254488c34f,2c078d89-0360-4968-abe2-f2f23cf79111,a4b26c8e-2569-44ae-a22b-5e1da9f03f4d,,tba,2025-08-20T19:51:37.218Z,Isis Avis Loren,Drag Race Down Under Season 2,Drag Race Down Under
43c8dc05-d076-449e-9ca6-928827346a3d,972500d0-613f-4154-8f14-e68cceb9f116,554ca5e1-cc02-4b8d-aa61-92cfe82b1d95,42,12th place,2025-08-20T19:51:36.030Z,Diva More,Drag Race Brasil Season 1,Drag Race Brasil
83247358-8ca8-4328-94e5-5b8a46a0ad9a,5e0ea4a9-660e-450d-8385-91599e147bab,554ca5e1-cc02-4b8d-aa61-92cfe82b1d95,34,11th place,2025-08-20T19:51:33.676Z,Tristan Soledade,Drag Race Brasil Season 1,Drag Race Brasil
8b34f102-7989-479c-9987-4c42776de5a9,7129fefc-3808-441d-8c33-1ba00760ce5e,554ca5e1-cc02-4b8d-aa61-92cfe82b1d95,26,10th place,2025-08-20T19:51:30.226Z,Melusine Sparkle,Drag Race Brasil Season 1,Drag Race Brasil
77d01b0c-3ad4-42f1-9c90-3b8c7bdaaf90,ed4611e1-2384-4ce3-a0dc-e4b331184307,554ca5e1-cc02-4b8d-aa61-92cfe82b1d95,26,9th place[a],2025-08-20T19:51:26.383Z,Aquarela,Drag Race Brasil Season 1,Drag Race Brasil
1fd798e7-4675-49a4-af85-87babcf0c801,fd6b02e4-c20e-42e7-bdc3-4ece91e7867f,554ca5e1-cc02-4b8d-aa61-92cfe82b1d95,30,8th place,2025-08-20T19:51:24.346Z,Rubi Ocean,Drag Race Brasil Season 1,Drag Race Brasil
18238a72-5926-453a-898b-3c9f4cd348b3,cdcd3ec3-1266-49d2-ac12-d7db3b833cd7,554ca5e1-cc02-4b8d-aa61-92cfe82b1d95,26,7th place,2025-08-20T19:51:22.036Z,Dallas de Vil,Drag Race Brasil Season 1,Drag Race Brasil
043572f9-a599-483a-9bdc-70a185a1b35f,aaa697a8-dbf4-4386-91f8-179cb6417962,554ca5e1-cc02-4b8d-aa61-92cfe82b1d95,22,6th place,2025-08-20T19:51:19.751Z,Naza,Drag Race Brasil Season 1,Drag Race Brasil
8026846a-a3e1-4291-addf-cdb604352097,9f4ff33c-bb07-4d64-b5d6-e5fe7ad0e2c0,554ca5e1-cc02-4b8d-aa61-92cfe82b1d95,25,5th place,2025-08-20T19:51:17.441Z,Shannon Skarllet,Drag Race Brasil Season 1,Drag Race Brasil
8da91a89-e993-4335-89fc-6c0818059c8a,c6fd58d6-a5f8-4788-b40d-b29aea6f85f0,554ca5e1-cc02-4b8d-aa61-92cfe82b1d95,46,runners-up,2025-08-20T19:51:15.133Z,Betina Polaroid,Drag Race Brasil Season 1,Drag Race Brasil
acdb9433-9928-4441-a140-a15e1c3d4263,2dbe95f1-dc09-4317-a1c1-cbcb68c1c1fa,554ca5e1-cc02-4b8d-aa61-92cfe82b1d95,30,Winner,2025-08-20T19:51:12.910Z,Organzza,Drag Race Brasil Season 1,Drag Race Brasil
e8aa5586-c9eb-4acb-87b4-285736c36714,bdfc7892-2ae1-4462-9e81-a118b352fbb7,4a0c7ddb-78d4-412d-a39b-516d6250495c,,tba,2025-08-20T19:51:09.874Z,Spankie Jackzon,Drag Race Down Under Season 3,Drag Race Down Under
b66aa050-6dc0-47e1-9b78-c8b753059a0d,8842e253-dc00-4b4b-b2d2-c11a867ec239,4a0c7ddb-78d4-412d-a39b-516d6250495c,,tba,2025-08-20T19:51:09.860Z,Kita Mean,Drag Race Down Under Season 3,Drag Race Down Under
df18af78-010b-40a4-8a6d-c1079ab5819a,2c078d89-0360-4968-abe2-f2f23cf79111,4a0c7ddb-78d4-412d-a39b-516d6250495c,,tba,2025-08-20T19:51:09.844Z,Isis Avis Loren,Drag Race Down Under Season 3,Drag Race Down Under
fcfdcc10-93f5-4e7b-b0c6-eaa2aec90a5d,d5d3ab32-8656-4425-848d-9aedc5f44b4f,1c8ec4bb-dfc4-41a3-9e9c-7aac4fbeb0be,25,11th place,2025-08-20T19:51:08.758Z,Barbie Q,Drag Race Germany Season 1,Drag Race Germany
8425fefb-ff32-4d59-b671-8b3968c71798,100c898b-3f9f-47d2-8689-11eb37dba7ca,1c8ec4bb-dfc4-41a3-9e9c-7aac4fbeb0be,22,10th place,2025-08-20T19:51:06.416Z,The Only Naomy,Drag Race Germany Season 1,Drag Race Germany
cf5d86f1-0dc5-458b-8b2e-6744e6736250,b47112a1-c26d-4bc0-9adf-173192dcf49c,1c8ec4bb-dfc4-41a3-9e9c-7aac4fbeb0be,23,9th place,2025-08-20T19:51:03.994Z,LéLé Cocoon,Drag Race Germany Season 1,Drag Race Germany
52fca0d4-f048-4c64-8a10-88234dddc2bb,5f1e8eb9-eb24-43ef-981b-885b760a4daf,1c8ec4bb-dfc4-41a3-9e9c-7aac4fbeb0be,25,8th place,2025-08-20T19:51:01.750Z,Tessa Testicle,Drag Race Germany Season 1,Drag Race Germany
be99941d-e35c-4ddf-ad94-c0fe631203fc,f8e9885d-042a-4a9a-a92a-389af84ee7d2,1c8ec4bb-dfc4-41a3-9e9c-7aac4fbeb0be,38,7th place,2025-08-20T19:51:01.736Z,Nikita Vegaz,Drag Race Germany Season 1,Drag Race Germany
b9904d33-e5b2-4b2c-b30d-ee04ead571d9,c05f94fe-4572-488c-9a72-104b7af6c1ce,1c8ec4bb-dfc4-41a3-9e9c-7aac4fbeb0be,29,6th place[a],2025-08-20T19:50:59.248Z,Victoria Shakespears,Drag Race Germany Season 1,Drag Race Germany
ee89153b-8abd-4320-a765-046577809a64,4edaedd9-7a65-4fe4-a96f-2eb34a2a57cf,1c8ec4bb-dfc4-41a3-9e9c-7aac4fbeb0be,24,5th place,2025-08-20T19:50:56.932Z,Loreley Rivers,Drag Race Germany Season 1,Drag Race Germany
fd7466a9-d647-4cf6-be36-9013265a00e6,158ce6a2-14af-4677-a9fc-eea4217c1bdc,1c8ec4bb-dfc4-41a3-9e9c-7aac4fbeb0be,41,4th place,2025-08-20T19:50:54.616Z,Kelly Heelton,Drag Race Germany Season 1,Drag Race Germany
3a4e2374-56ad-4489-98e1-d26935fccce3,53ff7e36-6808-4e37-8a1c-87a6be36f27b,1c8ec4bb-dfc4-41a3-9e9c-7aac4fbeb0be,24,runners-up,2025-08-20T19:50:50.888Z,Metamorkid,Drag Race Germany Season 1,Drag Race Germany
34442cc5-4bad-4185-b488-b1a1fb6c37eb,1cf216cb-d99d-45ee-84dc-58bfc0adcaee,1c8ec4bb-dfc4-41a3-9e9c-7aac4fbeb0be,29,Winner,2025-08-20T19:50:48.387Z,Pandora Nox,Drag Race Germany Season 1,Drag Race Germany
d3d7d721-8abb-4ed4-b8fc-60243366f7bd,85ad7a8f-f41f-4feb-825b-ed77b601a2b4,5c4ca5a5-709d-47cc-ab4c-08f7ce2daf9e,29,16th place,2025-08-20T19:50:44.638Z,Irene Dubois[c],Season 15,RuPaul's Drag Race (US)
761771d2-6cd1-40ac-8063-7370504bfe0c,1c1f2040-0528-4ded-b0e2-1797d4a88b99,5c4ca5a5-709d-47cc-ab4c-08f7ce2daf9e,26,15th place,2025-08-20T19:50:40.788Z,Princess Poppy,Season 15,RuPaul's Drag Race (US)
30557bce-da8e-4647-a415-0822572a0e5c,fe26d056-15f0-48bc-8c80-a6f4f0f81e34,5c4ca5a5-709d-47cc-ab4c-08f7ce2daf9e,23,14th place,2025-08-20T19:50:37.042Z,Sugar[b],Season 15,RuPaul's Drag Race (US)
7eb4493e-486c-4543-a037-36c0335a547d,b464ba81-c8df-4fb4-9aa8-410b2a2726c1,5c4ca5a5-709d-47cc-ab4c-08f7ce2daf9e,27,13th place,2025-08-20T19:50:34.716Z,Amethyst,Season 15,RuPaul's Drag Race (US)
475a7262-8c7c-43a4-acf5-c2a8d03ba831,4e7a72f7-1952-452d-a26c-7a9393fe1fcd,5c4ca5a5-709d-47cc-ab4c-08f7ce2daf9e,26,12th place,2025-08-20T19:50:31.668Z,Robin Fierce,Season 15,RuPaul's Drag Race (US)
e0e3c226-2d24-4ff8-ac8f-a5f926a52b38,9bbda448-5312-4ee0-adc4-8f7e2db55d54,5c4ca5a5-709d-47cc-ab4c-08f7ce2daf9e,30,11th place,2025-08-20T19:50:29.172Z,Aura Mayari,Season 15,RuPaul's Drag Race (US)
a76cac06-2246-4760-8e82-70a03ca759ff,22006c8d-5958-4a13-9d47-943831f658ba,5c4ca5a5-709d-47cc-ab4c-08f7ce2daf9e,25,10th place,2025-08-20T19:50:26.718Z,Jax,Season 15,RuPaul's Drag Race (US)
9074b229-550c-47c4-95e0-c92cae2c1972,c250b30b-a6fa-407c-b218-fb75148a5072,5c4ca5a5-709d-47cc-ab4c-08f7ce2daf9e,23,9th place,2025-08-20T19:50:24.609Z,Spice[b],Season 15,RuPaul's Drag Race (US)
6a47ae69-635d-40a3-bc33-162555db0d61,d7d96a0b-7f21-482f-9c8d-c19defdce4c5,5c4ca5a5-709d-47cc-ab4c-08f7ce2daf9e,32,8th place[a],2025-08-20T19:50:21.778Z,Malaysia Babydoll Foxx,Season 15,RuPaul's Drag Race (US)
5af0e90a-c155-4cad-bbd9-12961d07564d,df73b9c0-2366-4e90-904b-7a12d7c87b63,5c4ca5a5-709d-47cc-ab4c-08f7ce2daf9e,25,7th place,2025-08-20T19:50:19.509Z,Marcia Marcia Marcia,Season 15,RuPaul's Drag Race (US)
047ffc48-afaa-4d1b-8ccf-2dd1235446ce,2be8ce07-aeaf-4c36-ab55-f1ee6dddba86,5c4ca5a5-709d-47cc-ab4c-08f7ce2daf9e,31,6th place,2025-08-20T19:50:17.039Z,Salina EsTitties,Season 15,RuPaul's Drag Race (US)
7d10b9b4-e2d5-4ca1-9555-86a12454c34d,27396211-6f43-4d37-b397-e2b6fffaf210,5c4ca5a5-709d-47cc-ab4c-08f7ce2daf9e,32,5th place,2025-08-20T19:50:14.719Z,Loosey LaDuca,Season 15,RuPaul's Drag Race (US)
7858db7b-ba03-4f8b-af16-a2c2a7386a13,6aca7ba3-22a1-4c70-9668-7a2d6f8f3479,5c4ca5a5-709d-47cc-ab4c-08f7ce2daf9e,22,3rd place,2025-08-20T19:50:11.959Z,Luxx Noir London,Season 15,RuPaul's Drag Race (US)
e890a21e-03ab-409c-9105-3137c54f26e0,c5b31fa7-0989-45e8-88b9-dd88dbb7a11f,5c4ca5a5-709d-47cc-ab4c-08f7ce2daf9e,25,Runner-up,2025-08-20T19:50:09.485Z,Anetra,Season 15,RuPaul's Drag Race (US)
7b60112f-1f45-408f-817f-d4e9b6cb0e56,1438e6eb-324c-4c58-b7e2-afbe7fdae768,5c4ca5a5-709d-47cc-ab4c-08f7ce2daf9e,38,Winner,2025-08-20T19:50:07.009Z,Sasha Colby,Season 15,RuPaul's Drag Race (US)
21db8756-c3d8-46c7-a0c7-f042a9fcff4b,354a7425-8f2f-4dae-a055-1e836b716533,5da9bb71-9e96-4eb1-bb2f-f9eccb03ddb5,,main,2025-08-20T19:49:56.935Z,Paola Iezzi,Drag Race Italia Season 3,Drag Race Italia
c8542a5f-c962-4246-bb2c-8f638235842a,5c1c3b4d-3aba-409d-ad33-720a955ae992,f594bd65-666b-4a7c-9c1b-699fcaaa5224,,,2025-08-20T19:49:53.394Z,Todrick Hall,All Stars 8,RuPaul's Drag Race (US)
ce1995e5-9a9e-4c4a-b3d9-7dab8a711b10,1e2ec649-810d-447a-aef1-364e75e90355,cf6a6e1f-2041-4e6d-9c7c-501bbe32310a,11,versex,2025-08-20T19:49:50.914Z,3,Drag Race Philippines Season 2,Drag Race Philippines
be53cb26-f873-4871-a89b-44b67d8d7617,6e90ce34-bfac-4ce4-a39e-6800e012839d,cf6a6e1f-2041-4e6d-9c7c-501bbe32310a,12,hana beshie,2025-08-20T19:49:50.901Z,2,Drag Race Philippines Season 2,Drag Race Philippines
4a49d6f8-b73a-4174-a9f7-664f3873589a,00dbe26c-93c6-42a0-bebc-1a1a5e6dfe61,cf6a6e1f-2041-4e6d-9c7c-501bbe32310a,12,lady morgana,2025-08-20T19:49:50.886Z,1,Drag Race Philippines Season 2,Drag Race Philippines
63635712-56f9-4be5-a46c-696daee49418,9b97df9b-baea-443e-aa85-c723b0b25356,abac07d3-fab0-4d5f-8e49-0926a21f1972,25,11th place,2025-08-20T19:49:49.722Z,Miss Vallarta,Drag Race México Season 1,Drag Race México
b99d7c25-bce1-43b3-96c9-016b101e0ca5,3486de41-f4d1-4355-8119-c452a586caa0,abac07d3-fab0-4d5f-8e49-0926a21f1972,24,10th place,2025-08-20T19:49:47.364Z,Vermelha Noir,Drag Race México Season 1,Drag Race México
0f5777a5-0faf-4551-bdeb-7ad55b533d93,3af3c7bf-a91a-47de-923d-30d873a4826a,abac07d3-fab0-4d5f-8e49-0926a21f1972,32,9th place,2025-08-20T19:49:44.467Z,Pixie Pixie,Drag Race México Season 1,Drag Race México
c715476e-4a7b-44ad-995e-a558fcffab98,4c64cc0b-e6c8-45e3-9764-19d966776d51,abac07d3-fab0-4d5f-8e49-0926a21f1972,34,8th place,2025-08-20T19:49:41.985Z,Serena Morena,Drag Race México Season 1,Drag Race México
9437c954-692a-4ba3-846b-88d953cb60ae,60f8d439-4e50-4857-8c86-644508616700,abac07d3-fab0-4d5f-8e49-0926a21f1972,26,7th place,2025-08-20T19:49:39.634Z,Argennis[c],Drag Race México Season 1,Drag Race México
c213eca0-737d-4ac2-a702-d6592e05a700,c0298d42-4c5e-487d-84e6-604729b3d29b,abac07d3-fab0-4d5f-8e49-0926a21f1972,28,6th place,2025-08-20T19:49:35.943Z,Margaret Y Ya,Drag Race México Season 1,Drag Race México
d3b4d8f4-2350-4862-9440-56a035dc6db3,8b2175b1-cde4-49ea-8a01-9e93f8f74c34,abac07d3-fab0-4d5f-8e49-0926a21f1972,33,5th place[b],2025-08-20T19:49:30.235Z,Lady Kero,Drag Race México Season 1,Drag Race México
ded473eb-fa4f-4b10-a45b-40181a23aed3,34bba8c7-e60b-4024-9e13-4b72a963bd60,abac07d3-fab0-4d5f-8e49-0926a21f1972,33,runners-up,2025-08-20T19:49:26.358Z,Gala Varo,Drag Race México Season 1,Drag Race México
b640865b-5f23-45d9-ad33-cf5fbabc4090,d3d4ab77-6ca7-4c97-b626-9cc6b19ef620,abac07d3-fab0-4d5f-8e49-0926a21f1972,35,Winner,2025-08-20T19:49:26.345Z,Cristian Peralta,Drag Race México Season 1,Drag Race México
05f16c74-20ab-489a-acb5-d73f9da9e9e1,901b252b-fa25-44ff-bdb8-664f88000d04,e0264125-2fb6-45e9-91cf-13ff8e3a8198,21,9th place,2025-08-20T19:49:19.108Z,Almighty Aphroditey,Drag Race Sweden Season 1,Drag Race Sweden
0a82686c-c22f-4350-8531-402fe392ceb2,27842327-d331-43aa-89f3-d42c0d7db781,e0264125-2fb6-45e9-91cf-13ff8e3a8198,31,8th place,2025-08-20T19:49:15.150Z,Endigo,Drag Race Sweden Season 1,Drag Race Sweden
c86470e6-2c8b-4f61-89ee-c483509e8cb2,8e43858a-937d-4df0-abc0-ff587e61a9ad,e0264125-2fb6-45e9-91cf-13ff8e3a8198,30,7th place,2025-08-20T19:49:11.268Z,Imaa Queen,Drag Race Sweden Season 1,Drag Race Sweden
92b06a29-b266-4d95-aa32-3892ab16a97b,32f6721f-1ea5-4a4d-8078-8fe669ed0927,e0264125-2fb6-45e9-91cf-13ff8e3a8198,30,6th place,2025-08-20T19:49:06.189Z,Santana Sexmachine,Drag Race Sweden Season 1,Drag Race Sweden
2c1ccc1e-000e-4052-9f88-369aa9612379,dc1cc5ee-687a-4a90-9e2a-ee7c82d1e7a7,e0264125-2fb6-45e9-91cf-13ff8e3a8198,29,5th place[a],2025-08-20T19:49:02.010Z,Antonina Nutshell,Drag Race Sweden Season 1,Drag Race Sweden
c407857f-72fd-4ad8-a5d2-33d03a412db0,03d9cf81-406a-4480-a208-92671fb86ae5,e0264125-2fb6-45e9-91cf-13ff8e3a8198,36,4th place,2025-08-20T19:48:59.144Z,Elecktra,Drag Race Sweden Season 1,Drag Race Sweden
efe96152-ef8e-4ea7-b1fb-5495057accb0,fc8402a6-24a3-4dc9-a9b8-f455d2a580ed,e0264125-2fb6-45e9-91cf-13ff8e3a8198,31,3rd place,2025-08-20T19:48:53.452Z,Vanity Vain,Drag Race Sweden Season 1,Drag Race Sweden
6f34f11b-8dc9-4bca-a650-c45f769d8823,92f016ad-2ea6-47f4-91ec-f795a4c74660,e0264125-2fb6-45e9-91cf-13ff8e3a8198,30,Runner-up,2025-08-20T19:48:53.440Z,Fontana,Drag Race Sweden Season 1,Drag Race Sweden
ce246c06-9121-4b59-b34a-684d7a9886d3,26241155-6e30-4da1-8dec-902e123f2da6,e0264125-2fb6-45e9-91cf-13ff8e3a8198,29,Winner,2025-08-20T19:48:49.227Z,Admira Thunderpussy,Drag Race Sweden Season 1,Drag Race Sweden
cdf564e2-09b2-404d-8fd4-6feea571e5a5,4c35e9d6-3cb0-4bde-bbe9-e54646c11c4b,48d61e3a-19c5-48c0-b844-9e483cccea82,,recurring,2025-08-20T19:48:44.630Z,Sarain Fox,Canada’s Drag Race Season 4,Canada's Drag Race
5b7dc498-95f4-4bf3-8b32-47b8f5aa81ba,76f37059-fdb2-463a-8ab5-d7352e3af785,48d61e3a-19c5-48c0-b844-9e483cccea82,,,2025-08-20T19:48:41.247Z,Amanda Brugel,Canada’s Drag Race Season 4,Canada's Drag Race
85e02508-9cdf-4103-b583-f8d73842396f,5c1c3b4d-3aba-409d-ad33-720a955ae992,1f4956a7-fd48-4887-8a57-e09e9b216f37,,,2025-08-20T19:48:21.147Z,Todrick Hall,All Stars 9,RuPaul's Drag Race (US)
18ee7fb0-b264-4115-b015-5203484c3872,1e2ec649-810d-447a-aef1-364e75e90355,7bd123a4-5c63-4788-97ef-ae3abd6c4cf0,11,versex,2025-08-20T19:48:18.392Z,3,Drag Race Philippines Season 3,Drag Race Philippines
aacb3c6a-d83c-4fd0-ac67-29f77550bc20,6e90ce34-bfac-4ce4-a39e-6800e012839d,7bd123a4-5c63-4788-97ef-ae3abd6c4cf0,12,hana beshie,2025-08-20T19:48:16.152Z,2,Drag Race Philippines Season 3,Drag Race Philippines
8a500e30-17cd-4962-a305-6785bd986c21,00dbe26c-93c6-42a0-bebc-1a1a5e6dfe61,7bd123a4-5c63-4788-97ef-ae3abd6c4cf0,12,lady morgana,2025-08-20T19:48:13.792Z,1,Drag Race Philippines Season 3,Drag Race Philippines
5faed1b2-2a9d-438a-8e22-e7d447da2a96,9c5851d9-8008-495c-b361-0ed2672ddb06,841707e4-e333-4d6f-ae53-00b34e3bcfd7,32,14th place,2025-08-20T19:48:07.871Z,Hershii LiqCour-Jeté,Season 16,RuPaul's Drag Race (US)
09551067-3c01-4a36-9bf8-6bbf1921a9e2,02a8e7c8-8254-4fae-b440-49dbd55277b6,841707e4-e333-4d6f-ae53-00b34e3bcfd7,29,13th place,2025-08-20T19:48:05.333Z,Mirage[e],Season 16,RuPaul's Drag Race (US)
5da919c5-7c8d-4a14-8826-1af7f254090b,6f6a279e-9d7d-4193-ac87-9eb0eb4ddb2b,841707e4-e333-4d6f-ae53-00b34e3bcfd7,26,12th place,2025-08-20T19:48:03.279Z,Amanda Tori Meating,Season 16,RuPaul's Drag Race (US)
b98b012e-f7d0-4e8b-865a-7145509d9280,32ef7608-d48e-4fb5-9f5d-0ea88a8a9eff,841707e4-e333-4d6f-ae53-00b34e3bcfd7,30,11th place,2025-08-20T19:48:00.619Z,Geneva Karr,Season 16,RuPaul's Drag Race (US)
c7e0f865-ef35-4649-b9a8-6b1931de79f0,48b00974-d6e3-4be0-8dd3-1dc74f3d73a6,841707e4-e333-4d6f-ae53-00b34e3bcfd7,33,10th place,2025-08-20T19:47:58.079Z,Megami[d],Season 16,RuPaul's Drag Race (US)
5d8b537c-b332-48da-9db7-29d2d3408d1f,2a148e91-1d0f-459f-a2e4-b4edaebe7bb6,841707e4-e333-4d6f-ae53-00b34e3bcfd7,34,9th place[a],2025-08-20T19:47:55.234Z,Xunami Muse,Season 16,RuPaul's Drag Race (US)
9960627e-654d-41ec-8227-61c011978fe8,9a1482ed-0ecf-4a76-9aac-61409bbb2437,841707e4-e333-4d6f-ae53-00b34e3bcfd7,24,8th place,2025-08-20T19:47:52.990Z,Plasma[c],Season 16,RuPaul's Drag Race (US)
5f495a1e-bab8-451c-928e-53c670a7744c,a3f79c07-ed43-4c09-91ba-9b4b0371cec2,841707e4-e333-4d6f-ae53-00b34e3bcfd7,34,7th place,2025-08-20T19:47:50.723Z,Mhi'ya Iman Le'Paige,Season 16,RuPaul's Drag Race (US)
46718792-610f-4125-9764-8fcd1fea8946,c5520f46-f87a-4ee1-8fc6-35f5c25b3d05,841707e4-e333-4d6f-ae53-00b34e3bcfd7,25,6th place,2025-08-20T19:47:48.391Z,Dawn,Season 16,RuPaul's Drag Race (US)
cc764982-7f3c-46fa-b8ef-aab9877a121f,d0ef90e9-40cd-45ea-a8d2-1a4055e6ac01,841707e4-e333-4d6f-ae53-00b34e3bcfd7,26,5th place[b],2025-08-20T19:47:46.013Z,Morphine Love Dion,Season 16,RuPaul's Drag Race (US)
814ff10f-f7c8-424b-be7a-37df86007371,ab9b8341-bfa4-4b32-95ee-5c198cd296e1,841707e4-e333-4d6f-ae53-00b34e3bcfd7,26,4th place,2025-08-20T19:47:43.570Z,Q,Season 16,RuPaul's Drag Race (US)
ded6102d-ad1f-44eb-8d92-c682141b6087,7fe49210-e843-41d3-adf6-b7fbb8470e8c,841707e4-e333-4d6f-ae53-00b34e3bcfd7,25,3rd place,2025-08-20T19:47:40.769Z,Plane Jane,Season 16,RuPaul's Drag Race (US)
a581d1fb-0948-406c-9e1e-3fb94946d8d4,4352fbc0-03ad-4903-a4b9-1eec8cbe51d4,841707e4-e333-4d6f-ae53-00b34e3bcfd7,34,Runner-up,2025-08-20T19:47:38.124Z,Sapphira Cristál,Season 16,RuPaul's Drag Race (US)
28d54122-dd0c-47eb-96d2-8e70b30d4a45,cc5e705b-18a0-4d37-a517-59be0ff55a88,841707e4-e333-4d6f-ae53-00b34e3bcfd7,27,Winner,2025-08-20T19:47:35.738Z,Nymphia Wind,Season 16,RuPaul's Drag Race (US)
44d6c317-9e81-45cf-b078-5ccf5286fd71,e6531367-f359-4d38-9b18-2d33c6fbd34c,8d6abd63-cbde-422e-91fd-253650cd669c,27,12th place,2025-08-20T19:47:32.359Z,Athena Likis[d],RuPaul’s Drag Race Global All Stars Season 1,Global All Stars
992d555e-d18d-49a7-8925-459dd31158e8,8166165d-d904-4741-9e19-e2f14914b888,8d6abd63-cbde-422e-91fd-253650cd669c,34,11th place,2025-08-20T19:47:30.002Z,Miranda Lebrão,RuPaul’s Drag Race Global All Stars Season 1,Global All Stars
8ee573b1-3105-4bf1-94cc-396fc8a4bfa6,f18751b6-ef40-4534-aba5-3c3e28b61a9e,8d6abd63-cbde-422e-91fd-253650cd669c,35,10th place,2025-08-20T19:47:27.799Z,Eva Le Queen,RuPaul’s Drag Race Global All Stars Season 1,Global All Stars
13ec919a-5075-4d6d-862c-c94d1dd29c93,7d46da09-c4ed-47e3-9758-0125a4d47412,8d6abd63-cbde-422e-91fd-253650cd669c,34,9th place[b][c],2025-08-20T19:47:25.324Z,Soa de Muse,RuPaul’s Drag Race Global All Stars Season 1,Global All Stars
23f47087-7ea2-48dc-b1dc-60db1ed98b0c,34bba8c7-e60b-4024-9e13-4b72a963bd60,8d6abd63-cbde-422e-91fd-253650cd669c,34,8th place,2025-08-20T19:47:22.746Z,Gala Varo,RuPaul’s Drag Race Global All Stars Season 1,Global All Stars
7ba68729-f7d9-4786-9bd2-4b2c1d683ea4,a547edca-7d2b-40c6-ab9b-14a2afea0518,8d6abd63-cbde-422e-91fd-253650cd669c,30,7th place,2025-08-20T19:47:20.416Z,Pythia,RuPaul’s Drag Race Global All Stars Season 1,Global All Stars
af663ccd-2099-4dee-99c1-c903ae77bf01,fc8402a6-24a3-4dc9-a9b8-f455d2a580ed,8d6abd63-cbde-422e-91fd-253650cd669c,31,6th place,2025-08-20T19:47:17.820Z,Vanity Vain,RuPaul’s Drag Race Global All Stars Season 1,Global All Stars
2729e1e8-14b2-4c07-93ee-f94f1105c729,5f1e8eb9-eb24-43ef-981b-885b760a4daf,8d6abd63-cbde-422e-91fd-253650cd669c,25,5th place,2025-08-20T19:47:15.402Z,Tessa Testicle,RuPaul’s Drag Race Global All Stars Season 1,Global All Stars
5751ce9b-b8aa-4511-acce-0efa1eec6577,8fae104e-0ed7-4a7b-900c-899ec2856451,8d6abd63-cbde-422e-91fd-253650cd669c,33,Runner-up,2025-08-20T19:47:12.937Z,Nehellenia,RuPaul’s Drag Race Global All Stars Season 1,Global All Stars
51593265-894c-4d72-a313-2a9c304c7343,d3355b81-9e7d-4394-87ca-7deb8d83006d,8d6abd63-cbde-422e-91fd-253650cd669c,31,Runner-up,2025-08-20T19:47:10.860Z,Kween Kong,RuPaul’s Drag Race Global All Stars Season 1,Global All Stars
21152215-25e4-44fb-8f8a-e558aa22fb9b,b9be967f-b4da-420c-a2a9-150d2c503a4b,8d6abd63-cbde-422e-91fd-253650cd669c,32,runners-up,2025-08-20T19:47:08.494Z,Kitty Scott-Claus,RuPaul’s Drag Race Global All Stars Season 1,Global All Stars
10bdc1b0-c9c7-4e48-acb4-b5c03b345333,250df362-7af0-408b-9b35-2b90aa1cc321,8d6abd63-cbde-422e-91fd-253650cd669c,44,Winner,2025-08-20T19:47:06.192Z,Alyssa Edwards,RuPaul’s Drag Race Global All Stars Season 1,Global All Stars
c71b8792-3ba8-41db-94fb-7096d9faa3b3,85ff791b-7d81-4833-abb9-cb6ad1a7a696,3dcc0f45-fe25-48ba-a5a3-e7352bde5ecc,23,13th place,2025-08-20T19:47:02.649Z,Ignus Ars,Drag Race México Season 2,Drag Race México
f91ca6dd-41b4-43ad-826e-e33ffadbcae2,166aaa7f-418d-40ff-9e62-014dc8d5cfe4,3dcc0f45-fe25-48ba-a5a3-e7352bde5ecc,33,12th place[a],2025-08-20T19:47:00.294Z,Nina de la Fuente,Drag Race México Season 2,Drag Race México
15feda3d-1677-4aad-ad99-a07fe17bce88,b7abc9aa-90b0-46ee-8833-64180c97321c,3dcc0f45-fe25-48ba-a5a3-e7352bde5ecc,31,11th place,2025-08-20T19:46:56.880Z,María Bonita,Drag Race México Season 2,Drag Race México
6d94e033-ceb8-42df-9c0d-1d55574d69af,3d77d47e-c40b-4376-a7b9-229b664d9e59,3dcc0f45-fe25-48ba-a5a3-e7352bde5ecc,29,10th place[c],2025-08-20T19:46:53.889Z,Garçonne[b],Drag Race México Season 2,Drag Race México
43b3d64a-4d21-460a-bba7-9a4e7809167c,eabfe640-5d83-4638-bed1-f6c5bbd09aae,3dcc0f45-fe25-48ba-a5a3-e7352bde5ecc,29,9th place,2025-08-20T19:46:51.737Z,Ava Pocket,Drag Race México Season 2,Drag Race México
5f54e902-65f2-4b0d-b6db-7571b0aea241,09546d73-9506-4a17-8bb4-23dd114527a1,3dcc0f45-fe25-48ba-a5a3-e7352bde5ecc,27,8th place,2025-08-20T19:46:49.492Z,Suculenta,Drag Race México Season 2,Drag Race México
4fa9ed72-a867-4639-ae27-e6244f20fb0a,28809cea-25f7-4952-a519-d23d37be71e1,3dcc0f45-fe25-48ba-a5a3-e7352bde5ecc,36,7th place[a],2025-08-20T19:46:47.449Z,Luna Lansman,Drag Race México Season 2,Drag Race México
55eac129-12e0-4002-8b65-55cebe8cc102,4504897a-ece1-4849-8e4c-2a4b18fae2af,3dcc0f45-fe25-48ba-a5a3-e7352bde5ecc,27,6th place,2025-08-20T19:46:45.016Z,Unique,Drag Race México Season 2,Drag Race México
d2d10def-5d10-4d5c-88c8-e5e941711bc5,8fc351d3-bc7a-4325-a7dc-c71eb4b4c198,3dcc0f45-fe25-48ba-a5a3-e7352bde5ecc,26,5th place,2025-08-20T19:46:42.933Z,Elektra Vandergeld,Drag Race México Season 2,Drag Race México
586fcd49-f100-4aa4-a11d-148954fca8d2,7c8dbaa0-469a-4f4e-8d86-adf5a5181cb5,3dcc0f45-fe25-48ba-a5a3-e7352bde5ecc,35,runners-up,2025-08-20T19:46:40.657Z,Eva Blunt,Drag Race México Season 2,Drag Race México
05bba811-6733-435f-99d8-ede15c4b13bb,6ece6f15-4f7e-49f8-8e6a-1404cf66f297,3dcc0f45-fe25-48ba-a5a3-e7352bde5ecc,22,Winner,2025-08-20T19:46:36.335Z,Leexa Fox,Drag Race México Season 2,Drag Race México
f6926e2a-8be9-48e9-b027-0cb8706588ab,f11b840d-fc73-4365-b501-cee32ede77c8,4a9da29b-f868-4e12-980b-d64cfd8a9063,22,10th place,2025-08-20T19:46:32.767Z,Chanel,Drag Race Brasil Season 2,Drag Race Brasil
83b4aa11-42a8-438f-995c-4c6cc0f7d4fa,ba359405-e475-4755-9d0f-489974517785,4a9da29b-f868-4e12-980b-d64cfd8a9063,36,9th place,2025-08-20T19:46:30.535Z,Paola Hoffmann Van Cartier,Drag Race Brasil Season 2,Drag Race Brasil
b3d31255-a2c8-4d62-bcce-f53f72796537,f3afddba-a1ec-456a-9991-7c7ca5eb4f0b,4a9da29b-f868-4e12-980b-d64cfd8a9063,37,8th place,2025-08-20T19:46:28.281Z,Mercedez Vulcão,Drag Race Brasil Season 2,Drag Race Brasil
b41553b1-023c-4313-87b9-6355a7b55e3f,6207b71b-0b39-44be-8221-f5ead3586b3f,4a9da29b-f868-4e12-980b-d64cfd8a9063,34,7th place,2025-08-20T19:46:26.004Z,DesiRée Beck,Drag Race Brasil Season 2,Drag Race Brasil
a980274d-858a-4f6a-9deb-90c3d3f5f4fe,96f285f8-5ec7-4eca-867f-1250ecd26f1d,4a9da29b-f868-4e12-980b-d64cfd8a9063,25,tba,2025-08-20T19:46:23.327Z,Adora Black,Drag Race Brasil Season 2,Drag Race Brasil
d11e51ed-e099-4762-8cfb-ae8c4e72247b,bdfc7892-2ae1-4462-9e81-a118b352fbb7,7f0a9290-7827-4afe-a039-8bc845d841f6,,tba,2025-08-20T19:46:17.232Z,Spankie Jackzon,Drag Race Down Under Season 4,Drag Race Down Under
8a8fdfdf-efdd-40a4-b2b7-46e719057a54,8842e253-dc00-4b4b-b2d2-c11a867ec239,7f0a9290-7827-4afe-a039-8bc845d841f6,,tba,2025-08-20T19:46:12.772Z,Kita Mean,Drag Race Down Under Season 4,Drag Race Down Under
6c44d01e-efcb-45f0-abba-cdbc63941995,2c078d89-0360-4968-abe2-f2f23cf79111,7f0a9290-7827-4afe-a039-8bc845d841f6,,tba,2025-08-20T19:46:09.872Z,Isis Avis Loren,Drag Race Down Under Season 4,Drag Race Down Under
209f8bca-122c-4c25-afd2-07206bed67d6,22c6b0f4-f9b0-421d-ae7b-81b3b8405b66,1b6c66cd-7d9c-40a0-a079-4c7982554336,26,14th place,2025-08-20T19:46:01.893Z,Lucky Starzzz,Season 17,RuPaul's Drag Race (US)
5ab88515-f0a2-48f8-816d-7d2b431cbceb,b1590bc0-56f3-4e46-9453-42701d8d3067,1b6c66cd-7d9c-40a0-a079-4c7982554336,25,13th place,2025-08-20T19:45:59.445Z,Joella,Season 17,RuPaul's Drag Race (US)
57e8c6a9-955a-4d53-acb2-23b4f9660280,6d3165ad-29a5-480e-8537-8c2c46f08d34,1b6c66cd-7d9c-40a0-a079-4c7982554336,30,12th place,2025-08-20T19:45:55.501Z,Hormona Lisa,Season 17,RuPaul's Drag Race (US)
ec429aa5-4325-4c2d-bc21-7e7ead4cc042,bc3eab64-2485-4a7f-ba17-226a48453653,1b6c66cd-7d9c-40a0-a079-4c7982554336,27,11th place[c],2025-08-20T19:45:52.104Z,Crystal Envy,Season 17,RuPaul's Drag Race (US)
a3eaeef6-7228-43d3-bf98-d14cc68ac909,45d15273-fe1a-4571-a359-9489cca27088,1b6c66cd-7d9c-40a0-a079-4c7982554336,28,10th place,2025-08-20T19:45:48.479Z,Acacia Forgot,Season 17,RuPaul's Drag Race (US)
c1556c86-d430-4274-89b1-c95cdbceaad2,9d028b1c-97cf-43ef-af38-a89a994e4d74,1b6c66cd-7d9c-40a0-a079-4c7982554336,24,9th place,2025-08-20T19:45:45.533Z,Kori King,Season 17,RuPaul's Drag Race (US)
8841767c-9bb5-4526-8076-d2c85ad8e8d8,571f1da0-865a-46de-9058-6f9316312e41,1b6c66cd-7d9c-40a0-a079-4c7982554336,28,8th place,2025-08-20T19:45:42.115Z,Arrietty,Season 17,RuPaul's Drag Race (US)
68396109-b9c2-4521-9de3-3cf62c9edcc2,e51eb449-bf2d-4240-a77e-f5b39cf27f98,1b6c66cd-7d9c-40a0-a079-4c7982554336,23,7th place,2025-08-20T19:45:39.362Z,Lydia B Kollins[b],Season 17,RuPaul's Drag Race (US)
3c8cef94-95fa-4671-9ab5-0cea87326d78,f669cbde-ab69-4634-8a6b-ffd5c42edaec,1b6c66cd-7d9c-40a0-a079-4c7982554336,22,6th place,2025-08-20T19:45:34.948Z,Lana Ja'Rae,Season 17,RuPaul's Drag Race (US)
ad5a59c8-2ffb-4a44-a692-1a00eaf894fb,e72f72f0-e18a-4b4f-b299-afc2344f4915,1b6c66cd-7d9c-40a0-a079-4c7982554336,24,5th place,2025-08-20T19:45:32.105Z,Suzie Toot,Season 17,RuPaul's Drag Race (US)
3d75ae49-d582-4271-9568-ad45200ff7c3,472456f5-fa0b-4709-a8f7-4a0ba11fcb9c,1b6c66cd-7d9c-40a0-a079-4c7982554336,33,3rd place,2025-08-20T19:45:29.474Z,Lexi Love,Season 17,RuPaul's Drag Race (US)
9adfc6fd-bfae-468f-ad75-779906b0d9fd,c2cb07fd-95f6-4460-b1d8-016e4c14f5dd,1b6c66cd-7d9c-40a0-a079-4c7982554336,23,Runner-up,2025-08-20T19:45:26.518Z,Jewels Sparkles,Season 17,RuPaul's Drag Race (US)
1b91e2c4-190c-4686-a953-c08c79cd800f,ccf9edc4-ecc3-4946-a360-559846b708ad,1b6c66cd-7d9c-40a0-a079-4c7982554336,31,Winner,2025-08-20T19:45:23.813Z,Onya Nurve,Season 17,RuPaul's Drag Race (US)
47c3e2a0-b256-46e3-845d-15d1f35f20ab,5c1c3b4d-3aba-409d-ad33-720a955ae992,44bcf81d-c6bc-48f2-b4dd-617702cd4432,,,2025-08-20T19:45:19.842Z,Todrick Hall,All Stars 10,RuPaul's Drag Race (US)